-- phpMyAdmin SQL Dump
-- version 5.2.1
-- https://www.phpmyadmin.net/
--
-- Host: 127.0.0.1
-- Generation Time: Jul 07, 2025 at 10:53 PM
-- Server version: 10.4.28-MariaDB
-- PHP Version: 8.2.4

SET SQL_MODE = "NO_AUTO_VALUE_ON_ZERO";
START TRANSACTION;
SET time_zone = "+00:00";


/*!40101 SET @OLD_CHARACTER_SET_CLIENT=@@CHARACTER_SET_CLIENT */;
/*!40101 SET @OLD_CHARACTER_SET_RESULTS=@@CHARACTER_SET_RESULTS */;
/*!40101 SET @OLD_COLLATION_CONNECTION=@@COLLATION_CONNECTION */;
/*!40101 SET NAMES utf8mb4 */;

--
-- Database: `tall`
--

-- --------------------------------------------------------

--
-- Table structure for table `affiliate_admins`
--

CREATE TABLE `affiliate_admins` (
  `id` bigint(20) UNSIGNED NOT NULL,
  `user` varchar(255) DEFAULT NULL,
  `code` varchar(255) DEFAULT NULL,
  `price` int(11) NOT NULL DEFAULT 0,
  `number1` int(11) DEFAULT NULL,
  `number2` int(11) DEFAULT NULL,
  `active` int(11) NOT NULL DEFAULT 1,
  `total` int(11) NOT NULL DEFAULT 0,
  `created_at` timestamp NULL DEFAULT NULL,
  `updated_at` timestamp NULL DEFAULT NULL
) ENGINE=InnoDB DEFAULT CHARSET=utf8mb4 COLLATE=utf8mb4_unicode_ci;

--
-- Dumping data for table `affiliate_admins`
--

INSERT INTO `affiliate_admins` (`id`, `user`, `code`, `price`, `number1`, `number2`, `active`, `total`, `created_at`, `updated_at`) VALUES
(1, '3', NULL, 0, 0, 0, 1, 0, '2025-06-11 21:48:33', '2025-06-11 21:48:33'),
(2, '3', 'emt', 0, 0, 0, 1, 0, '2025-06-11 21:49:04', '2025-06-11 21:49:04'),
(3, '3', 'mt', 50, 0, 0, 1, 0, '2025-06-11 21:49:49', '2025-06-11 21:49:49'),
(4, '2', 'mmt', 100, 0, 0, 1, 0, '2025-06-11 21:51:32', '2025-06-11 21:51:32'),
(5, '2', 'mmt', 100, 0, 0, 1, 0, '2025-06-11 21:51:37', '2025-06-11 21:51:37');

-- --------------------------------------------------------

--
-- Table structure for table `bills`
--

CREATE TABLE `bills` (
  `id` bigint(20) UNSIGNED NOT NULL,
  `user_id` varchar(255) NOT NULL,
  `duration` varchar(255) NOT NULL DEFAULT '0',
  `price` double(8,2) NOT NULL DEFAULT 0.00,
  `plan_id` varchar(100) DEFAULT NULL,
  `active` varchar(100) NOT NULL DEFAULT '0',
  `created_at` timestamp NULL DEFAULT NULL,
  `updated_at` timestamp NULL DEFAULT NULL
) ENGINE=InnoDB DEFAULT CHARSET=utf8mb4 COLLATE=utf8mb4_unicode_ci;

-- --------------------------------------------------------

--
-- Table structure for table `business_settings`
--

CREATE TABLE `business_settings` (
  `id` bigint(20) UNSIGNED NOT NULL,
  `type` varchar(255) NOT NULL,
  `value` varchar(255) NOT NULL,
  `created_at` timestamp NULL DEFAULT NULL,
  `updated_at` timestamp NULL DEFAULT NULL
) ENGINE=InnoDB DEFAULT CHARSET=utf8mb4 COLLATE=utf8mb4_unicode_ci;

--
-- Dumping data for table `business_settings`
--

INSERT INTO `business_settings` (`id`, `type`, `value`, `created_at`, `updated_at`) VALUES
(1, 'language', '[{\"id\":\"1\",\"name\":\"english\",\"direction\":\"ltr\",\"code\":\"en\",\"status\":1,\"default\":true},{\"id\":2,\"name\":\"arabic sa\",\"direction\":\"rtl\",\"code\":\"sa\",\"status\":0,\"default\":false}]', NULL, NULL);

-- --------------------------------------------------------

--
-- Table structure for table `car_models`
--

CREATE TABLE `car_models` (
  `id` bigint(20) UNSIGNED NOT NULL,
  `car_type_id` bigint(20) UNSIGNED NOT NULL,
  `name_ar` varchar(255) DEFAULT NULL,
  `name_en` varchar(255) DEFAULT NULL,
  `name` varchar(255) DEFAULT NULL,
  `status` enum('active','inactive') NOT NULL DEFAULT 'active',
  `created_at` timestamp NULL DEFAULT NULL,
  `updated_at` timestamp NULL DEFAULT NULL
) ENGINE=InnoDB DEFAULT CHARSET=utf8mb4 COLLATE=utf8mb4_unicode_ci;

--
-- Dumping data for table `car_models`
--

INSERT INTO `car_models` (`id`, `car_type_id`, `name_ar`, `name_en`, `name`, `status`, `created_at`, `updated_at`) VALUES
(1, 85, 'لاندكروزر', NULL, NULL, 'active', '2025-07-06 15:53:33', '2025-07-06 15:53:33'),
(2, 85, 'كامري', NULL, NULL, 'active', '2025-07-06 15:53:33', '2025-07-06 15:53:33'),
(3, 85, 'افالون', NULL, NULL, 'active', '2025-07-06 15:53:33', '2025-07-06 15:53:33'),
(4, 85, 'هايلوكس', NULL, NULL, 'active', '2025-07-06 15:53:33', '2025-07-06 15:53:33'),
(5, 85, 'كورولا', NULL, NULL, 'active', '2025-07-06 15:53:33', '2025-07-06 15:53:33'),
(6, 85, 'اف جي', NULL, NULL, 'active', '2025-07-06 15:53:33', '2025-07-06 15:53:33'),
(7, 85, 'ربع', NULL, NULL, 'active', '2025-07-06 15:53:33', '2025-07-06 15:53:33'),
(8, 85, 'شاص', NULL, NULL, 'active', '2025-07-06 15:53:33', '2025-07-06 15:53:33'),
(9, 85, 'يارس', NULL, NULL, 'active', '2025-07-06 15:53:33', '2025-07-06 15:53:33'),
(10, 85, 'برادو', NULL, NULL, 'active', '2025-07-06 15:53:33', '2025-07-06 15:53:33'),
(11, 85, 'فورتشنر', NULL, NULL, 'active', '2025-07-06 15:53:33', '2025-07-06 15:53:33'),
(12, 85, 'اوريون', NULL, NULL, 'active', '2025-07-06 15:53:33', '2025-07-06 15:53:33'),
(13, 85, 'كرسيدا', NULL, NULL, 'active', '2025-07-06 15:53:33', '2025-07-06 15:53:33'),
(14, 85, 'سيكويا', NULL, NULL, 'active', '2025-07-06 15:53:33', '2025-07-06 15:53:33'),
(15, 85, 'باص', NULL, NULL, 'active', '2025-07-06 15:53:33', '2025-07-06 15:53:33'),
(16, 85, 'انوفا', NULL, NULL, 'active', '2025-07-06 15:53:33', '2025-07-06 15:53:33'),
(17, 85, 'راف فور', NULL, NULL, 'active', '2025-07-06 15:53:33', '2025-07-06 15:53:33'),
(18, 85, 'XA', NULL, NULL, 'active', '2025-07-06 15:53:33', '2025-07-06 15:53:33'),
(19, 85, 'ايكو', NULL, NULL, 'active', '2025-07-06 15:53:33', '2025-07-06 15:53:33'),
(20, 85, 'تندرا', NULL, NULL, 'active', '2025-07-06 15:53:33', '2025-07-06 15:53:33'),
(21, 85, 'بريفيا', NULL, NULL, 'active', '2025-07-06 15:53:33', '2025-07-06 15:53:33'),
(22, 85, 'سوبرا', NULL, NULL, 'active', '2025-07-06 15:53:33', '2025-07-06 15:53:33'),
(23, 85, 'تويوتا 86', NULL, NULL, 'active', '2025-07-06 15:53:33', '2025-07-06 15:53:33'),
(24, 85, 'افانزا', NULL, NULL, 'active', '2025-07-06 15:53:33', '2025-07-06 15:53:33'),
(25, 85, 'هايلاندر', NULL, NULL, 'active', '2025-07-06 15:53:33', '2025-07-06 15:53:33'),
(26, 85, 'بريوس', NULL, NULL, 'active', '2025-07-06 15:53:33', '2025-07-06 15:53:33'),
(27, 85, 'راش', NULL, NULL, 'active', '2025-07-06 15:53:33', '2025-07-06 15:53:33'),
(28, 85, 'جرانفيا', NULL, NULL, 'active', '2025-07-06 15:53:33', '2025-07-06 15:53:33'),
(29, 85, 'C-HR', NULL, NULL, 'active', '2025-07-06 15:53:33', '2025-07-06 15:53:33'),
(30, 85, 'كورولا كروس', NULL, NULL, 'active', '2025-07-06 15:53:33', '2025-07-06 15:53:33'),
(31, 85, 'رايز', NULL, NULL, 'active', '2025-07-06 15:53:33', '2025-07-06 15:53:33'),
(32, 85, 'فيلوز', NULL, NULL, 'active', '2025-07-06 15:53:33', '2025-07-06 15:53:33'),
(33, 85, 'كراون', NULL, NULL, 'active', '2025-07-06 15:53:33', '2025-07-06 15:53:33'),
(34, 85, 'اوربان كروزر', NULL, NULL, 'active', '2025-07-06 15:53:33', '2025-07-06 15:53:33'),
(35, 86, 'موستانج', NULL, NULL, 'active', '2025-07-06 15:53:33', '2025-07-06 15:53:33'),
(36, 86, 'اكسبلورر', NULL, NULL, 'active', '2025-07-06 15:53:33', '2025-07-06 15:53:33'),
(37, 86, 'F-150', NULL, NULL, 'active', '2025-07-06 15:53:33', '2025-07-06 15:53:33'),
(38, 86, 'ايدج', NULL, NULL, 'active', '2025-07-06 15:53:33', '2025-07-06 15:53:33'),
(39, 86, 'فوكس', NULL, NULL, 'active', '2025-07-06 15:53:33', '2025-07-06 15:53:33'),
(40, 86, 'فيوجن', NULL, NULL, 'active', '2025-07-06 15:53:33', '2025-07-06 15:53:33'),
(41, 86, 'توروس', NULL, NULL, 'active', '2025-07-06 15:53:33', '2025-07-06 15:53:33'),
(42, 86, 'اكسبيديشن', NULL, NULL, 'active', '2025-07-06 15:53:33', '2025-07-06 15:53:33'),
(43, 86, 'رينجر', NULL, NULL, 'active', '2025-07-06 15:53:33', '2025-07-06 15:53:33'),
(44, 86, 'برونكو', NULL, NULL, 'active', '2025-07-06 15:53:33', '2025-07-06 15:53:33'),
(45, 86, 'اسكيب', NULL, NULL, 'active', '2025-07-06 15:53:33', '2025-07-06 15:53:33'),
(46, 86, 'ايفرست', NULL, NULL, 'active', '2025-07-06 15:53:33', '2025-07-06 15:53:33'),
(47, 86, 'ترانزيت', NULL, NULL, 'active', '2025-07-06 15:53:33', '2025-07-06 15:53:33'),
(48, 86, 'F-250', NULL, NULL, 'active', '2025-07-06 15:53:33', '2025-07-06 15:53:33'),
(49, 86, 'F-350', NULL, NULL, 'active', '2025-07-06 15:53:33', '2025-07-06 15:53:33'),
(50, 86, 'F-450', NULL, NULL, 'active', '2025-07-06 15:53:33', '2025-07-06 15:53:33'),
(51, 87, 'كورفيت', NULL, NULL, 'active', '2025-07-06 15:53:33', '2025-07-06 15:53:33'),
(52, 87, 'تاهو', NULL, NULL, 'active', '2025-07-06 15:53:33', '2025-07-06 15:53:33'),
(53, 87, 'كامارو', NULL, NULL, 'active', '2025-07-06 15:53:33', '2025-07-06 15:53:33'),
(54, 87, 'ماليبو', NULL, NULL, 'active', '2025-07-06 15:53:33', '2025-07-06 15:53:33'),
(55, 87, 'سيلفرادو', NULL, NULL, 'active', '2025-07-06 15:53:33', '2025-07-06 15:53:33'),
(56, 87, 'سوبربان', NULL, NULL, 'active', '2025-07-06 15:53:33', '2025-07-06 15:53:33'),
(57, 87, 'ترافرس', NULL, NULL, 'active', '2025-07-06 15:53:33', '2025-07-06 15:53:33'),
(58, 87, 'بليزر', NULL, NULL, 'active', '2025-07-06 15:53:33', '2025-07-06 15:53:33'),
(59, 87, 'تريل بليزر', NULL, NULL, 'active', '2025-07-06 15:53:33', '2025-07-06 15:53:33'),
(60, 87, 'اكسبيرس', NULL, NULL, 'active', '2025-07-06 15:53:33', '2025-07-06 15:53:33'),
(61, 87, 'كابتيفا', NULL, NULL, 'active', '2025-07-06 15:53:33', '2025-07-06 15:53:33'),
(62, 87, 'امبالا', NULL, NULL, 'active', '2025-07-06 15:53:33', '2025-07-06 15:53:33'),
(63, 87, 'كروز', NULL, NULL, 'active', '2025-07-06 15:53:33', '2025-07-06 15:53:33'),
(64, 87, 'سبارك', NULL, NULL, 'active', '2025-07-06 15:53:33', '2025-07-06 15:53:33'),
(65, 87, 'افيو', NULL, NULL, 'active', '2025-07-06 15:53:33', '2025-07-06 15:53:33'),
(66, 87, 'اوبترا', NULL, NULL, 'active', '2025-07-06 15:53:33', '2025-07-06 15:53:33'),
(67, 88, 'جميع أنواع القطع والإكسسوارات لجميع الماركات', NULL, NULL, 'active', '2025-07-06 15:53:33', '2025-07-06 15:53:33'),
(68, 89, 'باترول', NULL, NULL, 'active', '2025-07-06 15:53:33', '2025-07-06 15:53:33'),
(69, 89, 'صني', NULL, NULL, 'active', '2025-07-06 15:53:33', '2025-07-06 15:53:33'),
(70, 89, 'التيما', NULL, NULL, 'active', '2025-07-06 15:53:33', '2025-07-06 15:53:33'),
(71, 89, 'ماكسيما', NULL, NULL, 'active', '2025-07-06 15:53:33', '2025-07-06 15:53:33'),
(72, 89, 'باثفايندر', NULL, NULL, 'active', '2025-07-06 15:53:33', '2025-07-06 15:53:33'),
(73, 89, 'اكستيرا', NULL, NULL, 'active', '2025-07-06 15:53:33', '2025-07-06 15:53:33'),
(74, 89, 'نافارا', NULL, NULL, 'active', '2025-07-06 15:53:33', '2025-07-06 15:53:33'),
(75, 89, 'جوك', NULL, NULL, 'active', '2025-07-06 15:53:33', '2025-07-06 15:53:33'),
(76, 89, 'قشقاي', NULL, NULL, 'active', '2025-07-06 15:53:33', '2025-07-06 15:53:33'),
(77, 89, 'سنترا', NULL, NULL, 'active', '2025-07-06 15:53:33', '2025-07-06 15:53:33'),
(78, 89, 'تيدا', NULL, NULL, 'active', '2025-07-06 15:53:33', '2025-07-06 15:53:33'),
(79, 89, 'كيكس', NULL, NULL, 'active', '2025-07-06 15:53:33', '2025-07-06 15:53:33'),
(80, 89, '370Z', NULL, NULL, 'active', '2025-07-06 15:53:33', '2025-07-06 15:53:33'),
(81, 89, 'GT-R', NULL, NULL, 'active', '2025-07-06 15:53:33', '2025-07-06 15:53:33'),
(82, 89, 'ليف', NULL, NULL, 'active', '2025-07-06 15:53:33', '2025-07-06 15:53:33'),
(83, 89, 'ارمادا', NULL, NULL, 'active', '2025-07-06 15:53:33', '2025-07-06 15:53:33'),
(84, 90, 'النترا', NULL, NULL, 'active', '2025-07-06 15:53:33', '2025-07-06 15:53:33'),
(85, 90, 'سوناتا', NULL, NULL, 'active', '2025-07-06 15:53:34', '2025-07-06 15:53:34'),
(86, 90, 'اكسنت', NULL, NULL, 'active', '2025-07-06 15:53:34', '2025-07-06 15:53:34'),
(87, 90, 'توسان', NULL, NULL, 'active', '2025-07-06 15:53:34', '2025-07-06 15:53:34'),
(88, 90, 'سنتافي', NULL, NULL, 'active', '2025-07-06 15:53:34', '2025-07-06 15:53:34'),
(89, 90, 'كونا', NULL, NULL, 'active', '2025-07-06 15:53:34', '2025-07-06 15:53:34'),
(90, 90, 'كريتا', NULL, NULL, 'active', '2025-07-06 15:53:34', '2025-07-06 15:53:34'),
(91, 90, 'باليسيد', NULL, NULL, 'active', '2025-07-06 15:53:34', '2025-07-06 15:53:34'),
(92, 90, 'ازيرا', NULL, NULL, 'active', '2025-07-06 15:53:34', '2025-07-06 15:53:34'),
(93, 90, 'فيلوستر', NULL, NULL, 'active', '2025-07-06 15:53:34', '2025-07-06 15:53:34'),
(94, 90, 'i10', NULL, NULL, 'active', '2025-07-06 15:53:34', '2025-07-06 15:53:34'),
(95, 90, 'i20', NULL, NULL, 'active', '2025-07-06 15:53:34', '2025-07-06 15:53:34'),
(96, 90, 'i30', NULL, NULL, 'active', '2025-07-06 15:53:34', '2025-07-06 15:53:34'),
(97, 90, 'H1', NULL, NULL, 'active', '2025-07-06 15:53:34', '2025-07-06 15:53:34'),
(98, 91, 'G70', NULL, NULL, 'active', '2025-07-06 15:53:34', '2025-07-06 15:53:34'),
(99, 91, 'G80', NULL, NULL, 'active', '2025-07-06 15:53:34', '2025-07-06 15:53:34'),
(100, 91, 'G90', NULL, NULL, 'active', '2025-07-06 15:53:34', '2025-07-06 15:53:34'),
(101, 91, 'GV70', NULL, NULL, 'active', '2025-07-06 15:53:34', '2025-07-06 15:53:34'),
(102, 91, 'GV80', NULL, NULL, 'active', '2025-07-06 15:53:34', '2025-07-06 15:53:34'),
(103, 92, 'ES', NULL, NULL, 'active', '2025-07-06 15:53:34', '2025-07-06 15:53:34'),
(104, 92, 'LS', NULL, NULL, 'active', '2025-07-06 15:53:34', '2025-07-06 15:53:34'),
(105, 92, 'IS', NULL, NULL, 'active', '2025-07-06 15:53:34', '2025-07-06 15:53:34'),
(106, 92, 'RX', NULL, NULL, 'active', '2025-07-06 15:53:34', '2025-07-06 15:53:34'),
(107, 92, 'NX', NULL, NULL, 'active', '2025-07-06 15:53:34', '2025-07-06 15:53:34'),
(108, 92, 'GX', NULL, NULL, 'active', '2025-07-06 15:53:34', '2025-07-06 15:53:34'),
(109, 92, 'LX', NULL, NULL, 'active', '2025-07-06 15:53:34', '2025-07-06 15:53:34'),
(110, 92, 'RC', NULL, NULL, 'active', '2025-07-06 15:53:34', '2025-07-06 15:53:34'),
(111, 92, 'LC', NULL, NULL, 'active', '2025-07-06 15:53:34', '2025-07-06 15:53:34'),
(112, 92, 'UX', NULL, NULL, 'active', '2025-07-06 15:53:34', '2025-07-06 15:53:34'),
(113, 93, 'يوكون', NULL, NULL, 'active', '2025-07-06 15:53:34', '2025-07-06 15:53:34'),
(114, 93, 'سييرا', NULL, NULL, 'active', '2025-07-06 15:53:34', '2025-07-06 15:53:34'),
(115, 93, 'اكاديا', NULL, NULL, 'active', '2025-07-06 15:53:34', '2025-07-06 15:53:34'),
(116, 93, 'تيرين', NULL, NULL, 'active', '2025-07-06 15:53:34', '2025-07-06 15:53:34'),
(117, 93, 'سافانا', NULL, NULL, 'active', '2025-07-06 15:53:34', '2025-07-06 15:53:34'),
(118, 93, 'كانيون', NULL, NULL, 'active', '2025-07-06 15:53:34', '2025-07-06 15:53:34'),
(119, 94, 'شاحنات مرسيدس', NULL, NULL, 'active', '2025-07-06 15:53:34', '2025-07-06 15:53:34'),
(120, 94, 'مان', NULL, NULL, 'active', '2025-07-06 15:53:34', '2025-07-06 15:53:34'),
(121, 94, 'فولفو', NULL, NULL, 'active', '2025-07-06 15:53:34', '2025-07-06 15:53:34'),
(122, 94, 'سكانيا', NULL, NULL, 'active', '2025-07-06 15:53:34', '2025-07-06 15:53:34'),
(123, 94, 'ايسوزو', NULL, NULL, 'active', '2025-07-06 15:53:34', '2025-07-06 15:53:34'),
(124, 94, 'فوسو', NULL, NULL, 'active', '2025-07-06 15:53:34', '2025-07-06 15:53:34'),
(125, 94, 'حفارات', NULL, NULL, 'active', '2025-07-06 15:53:34', '2025-07-06 15:53:34'),
(126, 94, 'جرافات', NULL, NULL, 'active', '2025-07-06 15:53:34', '2025-07-06 15:53:34'),
(127, 94, 'رافعات', NULL, NULL, 'active', '2025-07-06 15:53:34', '2025-07-06 15:53:34'),
(128, 94, 'خلاطات', NULL, NULL, 'active', '2025-07-06 15:53:34', '2025-07-06 15:53:34'),
(129, 95, 'C-Class', NULL, NULL, 'active', '2025-07-06 15:53:34', '2025-07-06 15:53:34'),
(130, 95, 'E-Class', NULL, NULL, 'active', '2025-07-06 15:53:34', '2025-07-06 15:53:34'),
(131, 95, 'S-Class', NULL, NULL, 'active', '2025-07-06 15:53:34', '2025-07-06 15:53:34'),
(132, 95, 'A-Class', NULL, NULL, 'active', '2025-07-06 15:53:34', '2025-07-06 15:53:34'),
(133, 95, 'CLA-Class', NULL, NULL, 'active', '2025-07-06 15:53:34', '2025-07-06 15:53:34'),
(134, 95, 'CLS-Class', NULL, NULL, 'active', '2025-07-06 15:53:34', '2025-07-06 15:53:34'),
(135, 95, 'GLA-Class', NULL, NULL, 'active', '2025-07-06 15:53:34', '2025-07-06 15:53:34'),
(136, 95, 'GLB-Class', NULL, NULL, 'active', '2025-07-06 15:53:34', '2025-07-06 15:53:34'),
(137, 95, 'GLC-Class', NULL, NULL, 'active', '2025-07-06 15:53:34', '2025-07-06 15:53:34'),
(138, 95, 'GLE-Class', NULL, NULL, 'active', '2025-07-06 15:53:34', '2025-07-06 15:53:34'),
(139, 95, 'GLS-Class', NULL, NULL, 'active', '2025-07-06 15:53:34', '2025-07-06 15:53:34'),
(140, 95, 'G-Class', NULL, NULL, 'active', '2025-07-06 15:53:34', '2025-07-06 15:53:34'),
(141, 95, 'Sprinter', NULL, NULL, 'active', '2025-07-06 15:53:34', '2025-07-06 15:53:34'),
(142, 95, 'Vito', NULL, NULL, 'active', '2025-07-06 15:53:34', '2025-07-06 15:53:34'),
(143, 95, 'Actros', NULL, NULL, 'active', '2025-07-06 15:53:34', '2025-07-06 15:53:34'),
(144, 95, 'Atego', NULL, NULL, 'active', '2025-07-06 15:53:34', '2025-07-06 15:53:34'),
(145, 95, 'Arocs', NULL, NULL, 'active', '2025-07-06 15:53:34', '2025-07-06 15:53:34'),
(146, 96, 'سيفيك', NULL, NULL, 'active', '2025-07-06 15:53:34', '2025-07-06 15:53:34'),
(147, 96, 'اكورد', NULL, NULL, 'active', '2025-07-06 15:53:34', '2025-07-06 15:53:34'),
(148, 96, 'CR-V', NULL, NULL, 'active', '2025-07-06 15:53:34', '2025-07-06 15:53:34'),
(149, 96, 'HR-V', NULL, NULL, 'active', '2025-07-06 15:53:34', '2025-07-06 15:53:34'),
(150, 96, 'بايلوت', NULL, NULL, 'active', '2025-07-06 15:53:34', '2025-07-06 15:53:34'),
(151, 96, 'اوديسي', NULL, NULL, 'active', '2025-07-06 15:53:34', '2025-07-06 15:53:34'),
(152, 96, 'سيتي', NULL, NULL, 'active', '2025-07-06 15:53:34', '2025-07-06 15:53:34'),
(153, 97, 'الفئة الثالثة', NULL, NULL, 'active', '2025-07-06 15:53:34', '2025-07-06 15:53:34'),
(154, 97, 'الفئة الخامسة', NULL, NULL, 'active', '2025-07-06 15:53:34', '2025-07-06 15:53:34'),
(155, 97, 'الفئة السابعة', NULL, NULL, 'active', '2025-07-06 15:53:34', '2025-07-06 15:53:34'),
(156, 97, 'X1', NULL, NULL, 'active', '2025-07-06 15:53:34', '2025-07-06 15:53:34'),
(157, 97, 'X3', NULL, NULL, 'active', '2025-07-06 15:53:34', '2025-07-06 15:53:34'),
(158, 97, 'X4', NULL, NULL, 'active', '2025-07-06 15:53:34', '2025-07-06 15:53:34'),
(159, 97, 'X5', NULL, NULL, 'active', '2025-07-06 15:53:34', '2025-07-06 15:53:34'),
(160, 97, 'X6', NULL, NULL, 'active', '2025-07-06 15:53:34', '2025-07-06 15:53:34'),
(161, 97, 'X7', NULL, NULL, 'active', '2025-07-06 15:53:34', '2025-07-06 15:53:34'),
(162, 97, 'Z4', NULL, NULL, 'active', '2025-07-06 15:53:34', '2025-07-06 15:53:34'),
(163, 97, 'i3', NULL, NULL, 'active', '2025-07-06 15:53:34', '2025-07-06 15:53:34'),
(164, 97, 'i8', NULL, NULL, 'active', '2025-07-06 15:53:34', '2025-07-06 15:53:34'),
(165, 97, 'M Models', NULL, NULL, 'active', '2025-07-06 15:53:34', '2025-07-06 15:53:34'),
(166, 98, 'دراجات نارية رياضية', NULL, NULL, 'active', '2025-07-06 15:53:34', '2025-07-06 15:53:34'),
(167, 98, 'دراجات نارية تجوال', NULL, NULL, 'active', '2025-07-06 15:53:34', '2025-07-06 15:53:34'),
(168, 98, 'ماركات متعددة', NULL, NULL, 'active', '2025-07-06 15:53:34', '2025-07-06 15:53:34'),
(169, 99, 'سيراتو', NULL, NULL, 'active', '2025-07-06 15:53:34', '2025-07-06 15:53:34'),
(170, 99, 'سبورتاج', NULL, NULL, 'active', '2025-07-06 15:53:34', '2025-07-06 15:53:34'),
(171, 99, 'اوبتيما', NULL, NULL, 'active', '2025-07-06 15:53:34', '2025-07-06 15:53:34'),
(172, 99, 'ريو', NULL, NULL, 'active', '2025-07-06 15:53:34', '2025-07-06 15:53:34'),
(173, 99, 'سورينتو', NULL, NULL, 'active', '2025-07-06 15:53:34', '2025-07-06 15:53:34'),
(174, 99, 'تيلورايد', NULL, NULL, 'active', '2025-07-06 15:53:34', '2025-07-06 15:53:34'),
(175, 99, 'سيلتوس', NULL, NULL, 'active', '2025-07-06 15:53:34', '2025-07-06 15:53:34'),
(176, 99, 'بيكانتو', NULL, NULL, 'active', '2025-07-06 15:53:34', '2025-07-06 15:53:34'),
(177, 99, 'كارنيفال', NULL, NULL, 'active', '2025-07-06 15:53:34', '2025-07-06 15:53:34'),
(178, 99, 'ستينجر', NULL, NULL, 'active', '2025-07-06 15:53:34', '2025-07-06 15:53:34'),
(179, 99, 'سول', NULL, NULL, 'active', '2025-07-06 15:53:34', '2025-07-06 15:53:34'),
(180, 99, 'K3', NULL, NULL, 'active', '2025-07-06 15:53:34', '2025-07-06 15:53:34'),
(181, 99, 'K8', NULL, NULL, 'active', '2025-07-06 15:53:34', '2025-07-06 15:53:34'),
(182, 99, 'K9', NULL, NULL, 'active', '2025-07-06 15:53:34', '2025-07-06 15:53:34'),
(183, 100, 'تشارجر', NULL, NULL, 'active', '2025-07-06 15:53:34', '2025-07-06 15:53:34'),
(184, 100, 'تشالنجر', NULL, NULL, 'active', '2025-07-06 15:53:34', '2025-07-06 15:53:34'),
(185, 100, 'دورانجو', NULL, NULL, 'active', '2025-07-06 15:53:34', '2025-07-06 15:53:34'),
(186, 100, 'رام', NULL, NULL, 'active', '2025-07-06 15:53:34', '2025-07-06 15:53:34'),
(187, 101, '300C', NULL, NULL, 'active', '2025-07-06 15:53:34', '2025-07-06 15:53:34'),
(188, 101, 'باسيفيكا', NULL, NULL, 'active', '2025-07-06 15:53:34', '2025-07-06 15:53:34'),
(189, 101, 'فوياجر', NULL, NULL, 'active', '2025-07-06 15:53:34', '2025-07-06 15:53:34'),
(190, 102, 'رانجلر', NULL, NULL, 'active', '2025-07-06 15:53:34', '2025-07-06 15:53:34'),
(191, 102, 'جراند شيروكي', NULL, NULL, 'active', '2025-07-06 15:53:34', '2025-07-06 15:53:34'),
(192, 102, 'شيروكي', NULL, NULL, 'active', '2025-07-06 15:53:34', '2025-07-06 15:53:34'),
(193, 102, 'كومباس', NULL, NULL, 'active', '2025-07-06 15:53:34', '2025-07-06 15:53:34'),
(194, 102, 'رينيجيد', NULL, NULL, 'active', '2025-07-06 15:53:34', '2025-07-06 15:53:34'),
(195, 102, 'جلاديتور', NULL, NULL, 'active', '2025-07-06 15:53:34', '2025-07-06 15:53:34'),
(196, 103, 'لانسر', NULL, NULL, 'active', '2025-07-06 15:53:34', '2025-07-06 15:53:34'),
(197, 103, 'باجيرو', NULL, NULL, 'active', '2025-07-06 15:53:34', '2025-07-06 15:53:34'),
(198, 103, 'ASX', NULL, NULL, 'active', '2025-07-06 15:53:34', '2025-07-06 15:53:34'),
(199, 103, 'اوتلاندر', NULL, NULL, 'active', '2025-07-06 15:53:34', '2025-07-06 15:53:34'),
(200, 103, 'مونتيرو سبورت', NULL, NULL, 'active', '2025-07-06 15:53:34', '2025-07-06 15:53:34'),
(201, 103, 'L200', NULL, NULL, 'active', '2025-07-06 15:53:34', '2025-07-06 15:53:34'),
(202, 103, 'اكليبس كروس', NULL, NULL, 'active', '2025-07-06 15:53:34', '2025-07-06 15:53:34'),
(203, 103, 'اتراج', NULL, NULL, 'active', '2025-07-06 15:53:34', '2025-07-06 15:53:34'),
(204, 103, 'اكسباندر', NULL, NULL, 'active', '2025-07-06 15:53:34', '2025-07-06 15:53:34'),
(205, 104, 'مازدا 3', NULL, NULL, 'active', '2025-07-06 15:53:34', '2025-07-06 15:53:34'),
(206, 104, 'مازدا 6', NULL, NULL, 'active', '2025-07-06 15:53:34', '2025-07-06 15:53:34'),
(207, 104, 'CX-3', NULL, NULL, 'active', '2025-07-06 15:53:34', '2025-07-06 15:53:34'),
(208, 104, 'CX-5', NULL, NULL, 'active', '2025-07-06 15:53:34', '2025-07-06 15:53:34'),
(209, 104, 'CX-9', NULL, NULL, 'active', '2025-07-06 15:53:34', '2025-07-06 15:53:34'),
(210, 104, 'MX-5', NULL, NULL, 'active', '2025-07-06 15:53:34', '2025-07-06 15:53:34'),
(211, 104, 'BT-50', NULL, NULL, 'active', '2025-07-06 15:53:34', '2025-07-06 15:53:34'),
(212, 105, 'رينج روفر', NULL, NULL, 'active', '2025-07-06 15:53:34', '2025-07-06 15:53:34'),
(213, 105, 'رينج روفر سبورت', NULL, NULL, 'active', '2025-07-06 15:53:34', '2025-07-06 15:53:34'),
(214, 105, 'رينج روفر ايفوك', NULL, NULL, 'active', '2025-07-06 15:53:34', '2025-07-06 15:53:34'),
(215, 105, 'ديسكفري', NULL, NULL, 'active', '2025-07-06 15:53:34', '2025-07-06 15:53:34'),
(216, 105, 'ديسكفري سبورت', NULL, NULL, 'active', '2025-07-06 15:53:34', '2025-07-06 15:53:34'),
(217, 105, 'ديفندر', NULL, NULL, 'active', '2025-07-06 15:53:34', '2025-07-06 15:53:34'),
(218, 106, 'دي ماكس', NULL, NULL, 'active', '2025-07-06 15:53:34', '2025-07-06 15:53:34'),
(219, 106, 'ام يو اكس', NULL, NULL, 'active', '2025-07-06 15:53:34', '2025-07-06 15:53:34'),
(220, 106, 'N-Series', NULL, NULL, 'active', '2025-07-06 15:53:34', '2025-07-06 15:53:34'),
(221, 106, 'F-Series', NULL, NULL, 'active', '2025-07-06 15:53:34', '2025-07-06 15:53:34'),
(222, 107, 'اسكاليد', NULL, NULL, 'active', '2025-07-06 15:53:34', '2025-07-06 15:53:34'),
(223, 107, 'CT4', NULL, NULL, 'active', '2025-07-06 15:53:34', '2025-07-06 15:53:34'),
(224, 107, 'CT5', NULL, NULL, 'active', '2025-07-06 15:53:34', '2025-07-06 15:53:34'),
(225, 107, 'CT6', NULL, NULL, 'active', '2025-07-06 15:53:34', '2025-07-06 15:53:34'),
(226, 107, 'XT4', NULL, NULL, 'active', '2025-07-06 15:53:34', '2025-07-06 15:53:34'),
(227, 107, 'XT5', NULL, NULL, 'active', '2025-07-06 15:53:34', '2025-07-06 15:53:34'),
(228, 107, 'XT6', NULL, NULL, 'active', '2025-07-06 15:53:34', '2025-07-06 15:53:34'),
(229, 108, '911', NULL, NULL, 'active', '2025-07-06 15:53:34', '2025-07-06 15:53:34'),
(230, 108, '718', NULL, NULL, 'active', '2025-07-06 15:53:34', '2025-07-06 15:53:34'),
(231, 108, 'كايين', NULL, NULL, 'active', '2025-07-06 15:53:34', '2025-07-06 15:53:34'),
(232, 108, 'ماكان', NULL, NULL, 'active', '2025-07-06 15:53:34', '2025-07-06 15:53:34'),
(233, 108, 'باناميرا', NULL, NULL, 'active', '2025-07-06 15:53:34', '2025-07-06 15:53:34'),
(234, 108, 'تايكان', NULL, NULL, 'active', '2025-07-06 15:53:34', '2025-07-06 15:53:34'),
(235, 109, 'A3', NULL, NULL, 'active', '2025-07-06 15:53:34', '2025-07-06 15:53:34'),
(236, 109, 'A4', NULL, NULL, 'active', '2025-07-06 15:53:34', '2025-07-06 15:53:34'),
(237, 109, 'A5', NULL, NULL, 'active', '2025-07-06 15:53:34', '2025-07-06 15:53:34'),
(238, 109, 'A6', NULL, NULL, 'active', '2025-07-06 15:53:34', '2025-07-06 15:53:34'),
(239, 109, 'A7', NULL, NULL, 'active', '2025-07-06 15:53:34', '2025-07-06 15:53:34'),
(240, 109, 'A8', NULL, NULL, 'active', '2025-07-06 15:53:34', '2025-07-06 15:53:34'),
(241, 109, 'Q3', NULL, NULL, 'active', '2025-07-06 15:53:34', '2025-07-06 15:53:34'),
(242, 109, 'Q5', NULL, NULL, 'active', '2025-07-06 15:53:34', '2025-07-06 15:53:34'),
(243, 109, 'Q7', NULL, NULL, 'active', '2025-07-06 15:53:34', '2025-07-06 15:53:34'),
(244, 109, 'Q8', NULL, NULL, 'active', '2025-07-06 15:53:34', '2025-07-06 15:53:34'),
(245, 109, 'TT', NULL, NULL, 'active', '2025-07-06 15:53:34', '2025-07-06 15:53:34'),
(246, 109, 'R8', NULL, NULL, 'active', '2025-07-06 15:53:34', '2025-07-06 15:53:34'),
(247, 109, 'e-tron', NULL, NULL, 'active', '2025-07-06 15:53:34', '2025-07-06 15:53:34'),
(248, 110, 'سويفت', NULL, NULL, 'active', '2025-07-06 15:53:34', '2025-07-06 15:53:34'),
(249, 110, 'فيتارا', NULL, NULL, 'active', '2025-07-06 15:53:34', '2025-07-06 15:53:34'),
(250, 110, 'جيمني', NULL, NULL, 'active', '2025-07-06 15:53:34', '2025-07-06 15:53:34'),
(251, 110, 'سياز', NULL, NULL, 'active', '2025-07-06 15:53:34', '2025-07-06 15:53:34'),
(252, 110, 'ديزاير', NULL, NULL, 'active', '2025-07-06 15:53:34', '2025-07-06 15:53:34'),
(253, 110, 'ارتيجا', NULL, NULL, 'active', '2025-07-06 15:53:34', '2025-07-06 15:53:34'),
(254, 110, 'بالينو', NULL, NULL, 'active', '2025-07-06 15:53:34', '2025-07-06 15:53:34'),
(255, 111, 'Q50', NULL, NULL, 'active', '2025-07-06 15:53:34', '2025-07-06 15:53:34'),
(256, 111, 'Q60', NULL, NULL, 'active', '2025-07-06 15:53:34', '2025-07-06 15:53:34'),
(257, 111, 'QX50', NULL, NULL, 'active', '2025-07-06 15:53:34', '2025-07-06 15:53:34'),
(258, 111, 'QX55', NULL, NULL, 'active', '2025-07-06 15:53:34', '2025-07-06 15:53:34'),
(259, 111, 'QX60', NULL, NULL, 'active', '2025-07-06 15:53:34', '2025-07-06 15:53:34'),
(260, 111, 'QX80', NULL, NULL, 'active', '2025-07-06 15:53:34', '2025-07-06 15:53:34'),
(261, 112, 'H2', NULL, NULL, 'active', '2025-07-06 15:53:34', '2025-07-06 15:53:34'),
(262, 112, 'H3', NULL, NULL, 'active', '2025-07-06 15:53:34', '2025-07-06 15:53:34'),
(263, 112, 'Hummer EV', NULL, NULL, 'active', '2025-07-06 15:53:34', '2025-07-06 15:53:34'),
(264, 113, 'نافيجيتور', NULL, NULL, 'active', '2025-07-06 15:53:34', '2025-07-06 15:53:34'),
(265, 113, 'كونتيننتال', NULL, NULL, 'active', '2025-07-06 15:53:34', '2025-07-06 15:53:34'),
(266, 113, 'أفياتور', NULL, NULL, 'active', '2025-07-06 15:53:34', '2025-07-06 15:53:34'),
(267, 113, 'كورسير', NULL, NULL, 'active', '2025-07-06 15:53:34', '2025-07-06 15:53:34'),
(268, 113, 'نوتيلوس', NULL, NULL, 'active', '2025-07-06 15:53:34', '2025-07-06 15:53:34'),
(269, 114, 'جولف', NULL, NULL, 'active', '2025-07-06 15:53:34', '2025-07-06 15:53:34'),
(270, 114, 'باسات', NULL, NULL, 'active', '2025-07-06 15:53:34', '2025-07-06 15:53:34'),
(271, 114, 'تيجوان', NULL, NULL, 'active', '2025-07-06 15:53:34', '2025-07-06 15:53:34'),
(272, 114, 'طوارق', NULL, NULL, 'active', '2025-07-06 15:53:34', '2025-07-06 15:53:34'),
(273, 114, 'جيتا', NULL, NULL, 'active', '2025-07-06 15:53:34', '2025-07-06 15:53:34'),
(274, 114, 'بولو', NULL, NULL, 'active', '2025-07-06 15:53:34', '2025-07-06 15:53:34'),
(275, 114, 'أرتيون', NULL, NULL, 'active', '2025-07-06 15:53:34', '2025-07-06 15:53:34'),
(276, 114, 'T-Roc', NULL, NULL, 'active', '2025-07-06 15:53:34', '2025-07-06 15:53:34'),
(277, 114, 'T-Cross', NULL, NULL, 'active', '2025-07-06 15:53:34', '2025-07-06 15:53:34'),
(278, 114, 'أماروك', NULL, NULL, 'active', '2025-07-06 15:53:34', '2025-07-06 15:53:34'),
(279, 115, 'تيريوس', NULL, NULL, 'active', '2025-07-06 15:53:34', '2025-07-06 15:53:34'),
(280, 115, 'سيريون', NULL, NULL, 'active', '2025-07-06 15:53:34', '2025-07-06 15:53:34'),
(281, 115, 'جران ماكس', NULL, NULL, 'active', '2025-07-06 15:53:34', '2025-07-06 15:53:34'),
(282, 116, 'كولراي', NULL, NULL, 'active', '2025-07-06 15:53:34', '2025-07-06 15:53:34'),
(283, 116, 'امجراند', NULL, NULL, 'active', '2025-07-06 15:53:34', '2025-07-06 15:53:34'),
(284, 116, 'ازكارا', NULL, NULL, 'active', '2025-07-06 15:53:34', '2025-07-06 15:53:34'),
(285, 116, 'توجيلا', NULL, NULL, 'active', '2025-07-06 15:53:34', '2025-07-06 15:53:34'),
(286, 116, 'اوكافانجو', NULL, NULL, 'active', '2025-07-06 15:53:34', '2025-07-06 15:53:34'),
(287, 117, 'Grand Marquis', NULL, NULL, 'active', '2025-07-06 15:53:34', '2025-07-06 15:53:34'),
(288, 117, 'Milan', NULL, NULL, 'active', '2025-07-06 15:53:34', '2025-07-06 15:53:34'),
(289, 117, 'Mountaineer', NULL, NULL, 'active', '2025-07-06 15:53:34', '2025-07-06 15:53:34'),
(290, 118, 'XC40', NULL, NULL, 'active', '2025-07-06 15:53:34', '2025-07-06 15:53:34'),
(291, 118, 'XC60', NULL, NULL, 'active', '2025-07-06 15:53:34', '2025-07-06 15:53:34'),
(292, 118, 'XC90', NULL, NULL, 'active', '2025-07-06 15:53:34', '2025-07-06 15:53:34'),
(293, 118, 'S60', NULL, NULL, 'active', '2025-07-06 15:53:34', '2025-07-06 15:53:34'),
(294, 118, 'S90', NULL, NULL, 'active', '2025-07-06 15:53:34', '2025-07-06 15:53:34'),
(295, 118, 'V60', NULL, NULL, 'active', '2025-07-06 15:53:34', '2025-07-06 15:53:34'),
(296, 118, 'V90', NULL, NULL, 'active', '2025-07-06 15:53:34', '2025-07-06 15:53:34'),
(297, 119, '208', NULL, NULL, 'active', '2025-07-06 15:53:34', '2025-07-06 15:53:34'),
(298, 119, '308', NULL, NULL, 'active', '2025-07-06 15:53:34', '2025-07-06 15:53:34'),
(299, 119, '508', NULL, NULL, 'active', '2025-07-06 15:53:34', '2025-07-06 15:53:34'),
(300, 119, '2008', NULL, NULL, 'active', '2025-07-06 15:53:34', '2025-07-06 15:53:34'),
(301, 119, '3008', NULL, NULL, 'active', '2025-07-06 15:53:34', '2025-07-06 15:53:34'),
(302, 119, '5008', NULL, NULL, 'active', '2025-07-06 15:53:34', '2025-07-06 15:53:34'),
(303, 119, 'بارتنر', NULL, NULL, 'active', '2025-07-06 15:53:34', '2025-07-06 15:53:34'),
(304, 119, 'اكسبيرت', NULL, NULL, 'active', '2025-07-06 15:53:34', '2025-07-06 15:53:34'),
(305, 120, 'كونتيننتال جي تي', NULL, NULL, 'active', '2025-07-06 15:53:34', '2025-07-06 15:53:34'),
(306, 120, 'فلاينج سبير', NULL, NULL, 'active', '2025-07-06 15:53:34', '2025-07-06 15:53:34'),
(307, 120, 'بينتايجا', NULL, NULL, 'active', '2025-07-06 15:53:34', '2025-07-06 15:53:34'),
(308, 121, 'XE', NULL, NULL, 'active', '2025-07-06 15:53:34', '2025-07-06 15:53:34'),
(309, 121, 'XF', NULL, NULL, 'active', '2025-07-06 15:53:34', '2025-07-06 15:53:34'),
(310, 121, 'XJ', NULL, NULL, 'active', '2025-07-06 15:53:34', '2025-07-06 15:53:34'),
(311, 121, 'F-Pace', NULL, NULL, 'active', '2025-07-06 15:53:34', '2025-07-06 15:53:34'),
(312, 121, 'E-Pace', NULL, NULL, 'active', '2025-07-06 15:53:34', '2025-07-06 15:53:34'),
(313, 121, 'I-Pace', NULL, NULL, 'active', '2025-07-06 15:53:34', '2025-07-06 15:53:34'),
(314, 121, 'F-Type', NULL, NULL, 'active', '2025-07-06 15:53:34', '2025-07-06 15:53:34'),
(315, 122, 'امبريزا', NULL, NULL, 'active', '2025-07-06 15:53:34', '2025-07-06 15:53:34'),
(316, 122, 'فورستر', NULL, NULL, 'active', '2025-07-06 15:53:34', '2025-07-06 15:53:34'),
(317, 122, 'اوت باك', NULL, NULL, 'active', '2025-07-06 15:53:34', '2025-07-06 15:53:34'),
(318, 122, 'XV', NULL, NULL, 'active', '2025-07-06 15:53:34', '2025-07-06 15:53:34'),
(319, 122, 'ليجاسي', NULL, NULL, 'active', '2025-07-06 15:53:34', '2025-07-06 15:53:34'),
(320, 122, 'WRX', NULL, NULL, 'active', '2025-07-06 15:53:34', '2025-07-06 15:53:34'),
(321, 123, 'ZS', NULL, NULL, 'active', '2025-07-06 15:53:34', '2025-07-06 15:53:34'),
(322, 123, 'HS', NULL, NULL, 'active', '2025-07-06 15:53:34', '2025-07-06 15:53:34'),
(323, 123, 'RX5', NULL, NULL, 'active', '2025-07-06 15:53:34', '2025-07-06 15:53:34'),
(324, 123, 'MG5', NULL, NULL, 'active', '2025-07-06 15:53:34', '2025-07-06 15:53:34'),
(325, 123, 'MG6', NULL, NULL, 'active', '2025-07-06 15:53:34', '2025-07-06 15:53:34'),
(326, 123, 'T60', NULL, NULL, 'active', '2025-07-06 15:53:34', '2025-07-06 15:53:34'),
(327, 124, 'جراند تايجر', NULL, NULL, 'active', '2025-07-06 15:53:34', '2025-07-06 15:53:34'),
(328, 124, 'لاند مارك', NULL, NULL, 'active', '2025-07-06 15:53:34', '2025-07-06 15:53:34'),
(329, 125, 'ألسفن', NULL, NULL, 'active', '2025-07-06 15:53:34', '2025-07-06 15:53:34'),
(330, 125, 'CS35', NULL, NULL, 'active', '2025-07-06 15:53:34', '2025-07-06 15:53:34'),
(331, 125, 'CS75', NULL, NULL, 'active', '2025-07-06 15:53:34', '2025-07-06 15:53:34'),
(332, 125, 'CS85', NULL, NULL, 'active', '2025-07-06 15:53:34', '2025-07-06 15:53:34'),
(333, 125, 'CS95', NULL, NULL, 'active', '2025-07-06 15:53:34', '2025-07-06 15:53:34'),
(334, 125, 'ايدو', NULL, NULL, 'active', '2025-07-06 15:53:34', '2025-07-06 15:53:34'),
(335, 126, 'داستر', NULL, NULL, 'active', '2025-07-06 15:53:34', '2025-07-06 15:53:34'),
(336, 126, 'سيمبول', NULL, NULL, 'active', '2025-07-06 15:53:34', '2025-07-06 15:53:34'),
(337, 126, 'ميغان', NULL, NULL, 'active', '2025-07-06 15:53:34', '2025-07-06 15:53:34'),
(338, 126, 'كوليوس', NULL, NULL, 'active', '2025-07-06 15:53:34', '2025-07-06 15:53:34'),
(339, 126, 'كابتشر', NULL, NULL, 'active', '2025-07-06 15:53:34', '2025-07-06 15:53:34'),
(340, 126, 'تاليسمان', NULL, NULL, 'active', '2025-07-06 15:53:34', '2025-07-06 15:53:34'),
(341, 126, 'دوكر', NULL, NULL, 'active', '2025-07-06 15:53:34', '2025-07-06 15:53:34'),
(342, 127, 'أنكليف', NULL, NULL, 'active', '2025-07-06 15:53:34', '2025-07-06 15:53:34'),
(343, 127, 'لاكروز', NULL, NULL, 'active', '2025-07-06 15:53:34', '2025-07-06 15:53:34'),
(344, 127, 'ريجال', NULL, NULL, 'active', '2025-07-06 15:53:34', '2025-07-06 15:53:34'),
(345, 127, 'أنكور', NULL, NULL, 'active', '2025-07-06 15:53:34', '2025-07-06 15:53:34'),
(346, 127, 'إنفيجن', NULL, NULL, 'active', '2025-07-06 15:53:34', '2025-07-06 15:53:34'),
(347, 128, 'جيبلي', NULL, NULL, 'active', '2025-07-06 15:53:34', '2025-07-06 15:53:34'),
(348, 128, 'كواتروبورتي', NULL, NULL, 'active', '2025-07-06 15:53:34', '2025-07-06 15:53:34'),
(349, 128, 'ليفانتي', NULL, NULL, 'active', '2025-07-06 15:53:34', '2025-07-06 15:53:34'),
(350, 128, 'جريكال', NULL, NULL, 'active', '2025-07-06 15:53:34', '2025-07-06 15:53:34'),
(351, 128, 'MC20', NULL, NULL, 'active', '2025-07-06 15:53:34', '2025-07-06 15:53:34'),
(352, 129, 'فانتوم', NULL, NULL, 'active', '2025-07-06 15:53:34', '2025-07-06 15:53:34'),
(353, 129, 'جوست', NULL, NULL, 'active', '2025-07-06 15:53:34', '2025-07-06 15:53:34'),
(354, 129, 'كولينان', NULL, NULL, 'active', '2025-07-06 15:53:34', '2025-07-06 15:53:34'),
(355, 129, 'رايث', NULL, NULL, 'active', '2025-07-06 15:53:34', '2025-07-06 15:53:34'),
(356, 129, 'دون', NULL, NULL, 'active', '2025-07-06 15:53:34', '2025-07-06 15:53:34'),
(357, 130, 'أوروس', NULL, NULL, 'active', '2025-07-06 15:53:34', '2025-07-06 15:53:34'),
(358, 130, 'هوراكان', NULL, NULL, 'active', '2025-07-06 15:53:34', '2025-07-06 15:53:34'),
(359, 130, 'أفينتادور', NULL, NULL, 'active', '2025-07-06 15:53:34', '2025-07-06 15:53:34'),
(360, 131, 'كورسا', NULL, NULL, 'active', '2025-07-06 15:53:34', '2025-07-06 15:53:34'),
(361, 131, 'استرا', NULL, NULL, 'active', '2025-07-06 15:53:34', '2025-07-06 15:53:34'),
(362, 131, 'انسينيا', NULL, NULL, 'active', '2025-07-06 15:53:34', '2025-07-06 15:53:34'),
(363, 131, 'جراند لاند', NULL, NULL, 'active', '2025-07-06 15:53:34', '2025-07-06 15:53:34'),
(364, 131, 'موكا', NULL, NULL, 'active', '2025-07-06 15:53:34', '2025-07-06 15:53:34'),
(365, 131, 'كروس لاند', NULL, NULL, 'active', '2025-07-06 15:53:34', '2025-07-06 15:53:34'),
(366, 132, 'اوكتافيا', NULL, NULL, 'active', '2025-07-06 15:53:34', '2025-07-06 15:53:34'),
(367, 132, 'سوبيرب', NULL, NULL, 'active', '2025-07-06 15:53:34', '2025-07-06 15:53:34'),
(368, 132, 'كودياك', NULL, NULL, 'active', '2025-07-06 15:53:34', '2025-07-06 15:53:34'),
(369, 132, 'كاروك', NULL, NULL, 'active', '2025-07-06 15:53:34', '2025-07-06 15:53:34'),
(370, 132, 'كاميك', NULL, NULL, 'active', '2025-07-06 15:53:34', '2025-07-06 15:53:34'),
(371, 132, 'فابيا', NULL, NULL, 'active', '2025-07-06 15:53:34', '2025-07-06 15:53:34'),
(372, 133, 'روما', NULL, NULL, 'active', '2025-07-06 15:53:34', '2025-07-06 15:53:34'),
(373, 133, 'بورتوفينو', NULL, NULL, 'active', '2025-07-06 15:53:34', '2025-07-06 15:53:34'),
(374, 133, 'F8 Tributo', NULL, NULL, 'active', '2025-07-06 15:53:34', '2025-07-06 15:53:34'),
(375, 133, 'SF90 Stradale', NULL, NULL, 'active', '2025-07-06 15:53:34', '2025-07-06 15:53:34'),
(376, 133, '812 Superfast', NULL, NULL, 'active', '2025-07-06 15:53:34', '2025-07-06 15:53:34'),
(377, 134, 'C3', NULL, NULL, 'active', '2025-07-06 15:53:34', '2025-07-06 15:53:34'),
(378, 134, 'C4', NULL, NULL, 'active', '2025-07-06 15:53:34', '2025-07-06 15:53:34'),
(379, 134, 'C5', NULL, NULL, 'active', '2025-07-06 15:53:34', '2025-07-06 15:53:34'),
(380, 134, 'C3 Aircross', NULL, NULL, 'active', '2025-07-06 15:53:34', '2025-07-06 15:53:34'),
(381, 134, 'C5 Aircross', NULL, NULL, 'active', '2025-07-06 15:53:34', '2025-07-06 15:53:34'),
(382, 134, 'بيرلينجو', NULL, NULL, 'active', '2025-07-06 15:53:34', '2025-07-06 15:53:34'),
(383, 135, 'تيجو 2', NULL, NULL, 'active', '2025-07-06 15:53:34', '2025-07-06 15:53:34'),
(384, 135, 'تيجو 4', NULL, NULL, 'active', '2025-07-06 15:53:34', '2025-07-06 15:53:34'),
(385, 135, 'تيجو 7', NULL, NULL, 'active', '2025-07-06 15:53:35', '2025-07-06 15:53:35'),
(386, 135, 'تيجو 8', NULL, NULL, 'active', '2025-07-06 15:53:35', '2025-07-06 15:53:35'),
(387, 135, 'اريزو', NULL, NULL, 'active', '2025-07-06 15:53:35', '2025-07-06 15:53:35'),
(388, 136, 'ليون', NULL, NULL, 'active', '2025-07-06 15:53:35', '2025-07-06 15:53:35'),
(389, 136, 'ايبيزا', NULL, NULL, 'active', '2025-07-06 15:53:35', '2025-07-06 15:53:35'),
(390, 136, 'اتيكا', NULL, NULL, 'active', '2025-07-06 15:53:35', '2025-07-06 15:53:35'),
(391, 136, 'ارونا', NULL, NULL, 'active', '2025-07-06 15:53:35', '2025-07-06 15:53:35'),
(392, 136, 'تاراكو', NULL, NULL, 'active', '2025-07-06 15:53:35', '2025-07-06 15:53:35'),
(393, 137, 'Lanos', NULL, NULL, 'active', '2025-07-06 15:53:35', '2025-07-06 15:53:35'),
(394, 137, 'Nubira', NULL, NULL, 'active', '2025-07-06 15:53:35', '2025-07-06 15:53:35'),
(395, 137, 'Leganza', NULL, NULL, 'active', '2025-07-06 15:53:35', '2025-07-06 15:53:35'),
(396, 138, '9-3', NULL, NULL, 'active', '2025-07-06 15:53:35', '2025-07-06 15:53:35'),
(397, 138, '9-5', NULL, NULL, 'active', '2025-07-06 15:53:35', '2025-07-06 15:53:35'),
(398, 139, '500', NULL, NULL, 'active', '2025-07-06 15:53:35', '2025-07-06 15:53:35'),
(399, 139, '500X', NULL, NULL, 'active', '2025-07-06 15:53:35', '2025-07-06 15:53:35'),
(400, 139, 'تيبو', NULL, NULL, 'active', '2025-07-06 15:53:35', '2025-07-06 15:53:35'),
(401, 139, 'دوبلو', NULL, NULL, 'active', '2025-07-06 15:53:35', '2025-07-06 15:53:35'),
(402, 139, 'فولباك', NULL, NULL, 'active', '2025-07-06 15:53:35', '2025-07-06 15:53:35'),
(403, 140, 'تيفولي', NULL, NULL, 'active', '2025-07-06 15:53:35', '2025-07-06 15:53:35'),
(404, 140, 'كوراندو', NULL, NULL, 'active', '2025-07-06 15:53:35', '2025-07-06 15:53:35'),
(405, 140, 'ريكستون', NULL, NULL, 'active', '2025-07-06 15:53:35', '2025-07-06 15:53:35'),
(406, 140, 'موسو', NULL, NULL, 'active', '2025-07-06 15:53:35', '2025-07-06 15:53:35'),
(407, 141, 'DB11', NULL, NULL, 'active', '2025-07-06 15:53:35', '2025-07-06 15:53:35'),
(408, 141, 'DBS Superleggera', NULL, NULL, 'active', '2025-07-06 15:53:35', '2025-07-06 15:53:35'),
(409, 141, 'Vantage', NULL, NULL, 'active', '2025-07-06 15:53:35', '2025-07-06 15:53:35'),
(410, 141, 'DBX', NULL, NULL, 'active', '2025-07-06 15:53:35', '2025-07-06 15:53:35'),
(411, 142, 'ساجا', NULL, NULL, 'active', '2025-07-06 15:53:35', '2025-07-06 15:53:35'),
(412, 142, 'بيرسونا', NULL, NULL, 'active', '2025-07-06 15:53:35', '2025-07-06 15:53:35'),
(413, 142, 'اكسورا', NULL, NULL, 'active', '2025-07-06 15:53:35', '2025-07-06 15:53:35'),
(414, 142, 'X50', NULL, NULL, 'active', '2025-07-06 15:53:35', '2025-07-06 15:53:35'),
(415, 142, 'X70', NULL, NULL, 'active', '2025-07-06 15:53:35', '2025-07-06 15:53:35'),
(416, 143, 'H2', NULL, NULL, 'active', '2025-07-06 15:53:35', '2025-07-06 15:53:35'),
(417, 143, 'H6', NULL, NULL, 'active', '2025-07-06 15:53:35', '2025-07-06 15:53:35'),
(418, 143, 'H9', NULL, NULL, 'active', '2025-07-06 15:53:35', '2025-07-06 15:53:35'),
(419, 143, 'جوليان', NULL, NULL, 'active', '2025-07-06 15:53:35', '2025-07-06 15:53:35'),
(420, 144, 'GS3', NULL, NULL, 'active', '2025-07-06 15:53:35', '2025-07-06 15:53:35'),
(421, 144, 'GS4', NULL, NULL, 'active', '2025-07-06 15:53:35', '2025-07-06 15:53:35'),
(422, 144, 'GS5', NULL, NULL, 'active', '2025-07-06 15:53:35', '2025-07-06 15:53:35'),
(423, 144, 'GS8', NULL, NULL, 'active', '2025-07-06 15:53:35', '2025-07-06 15:53:35'),
(424, 144, 'GA4', NULL, NULL, 'active', '2025-07-06 15:53:35', '2025-07-06 15:53:35'),
(425, 144, 'GA8', NULL, NULL, 'active', '2025-07-06 15:53:35', '2025-07-06 15:53:35'),
(426, 145, 'وينجل', NULL, NULL, 'active', '2025-07-06 15:53:35', '2025-07-06 15:53:35'),
(427, 145, 'باور', NULL, NULL, 'active', '2025-07-06 15:53:35', '2025-07-06 15:53:35'),
(428, 146, 'T77', NULL, NULL, 'active', '2025-07-06 15:53:35', '2025-07-06 15:53:35'),
(429, 146, 'T99', NULL, NULL, 'active', '2025-07-06 15:53:35', '2025-07-06 15:53:35'),
(430, 146, 'Bestune B70', NULL, NULL, 'active', '2025-07-06 15:53:35', '2025-07-06 15:53:35'),
(431, 146, 'X40', NULL, NULL, 'active', '2025-07-06 15:53:35', '2025-07-06 15:53:35'),
(432, 146, 'X80', NULL, NULL, 'active', '2025-07-06 15:53:35', '2025-07-06 15:53:35'),
(433, 147, 'تشكيلة من السيارات الكهربائية والهجينة', NULL, NULL, 'active', '2025-07-06 15:53:35', '2025-07-06 15:53:35'),
(434, 148, 'جوليا', NULL, NULL, 'active', '2025-07-06 15:53:35', '2025-07-06 15:53:35'),
(435, 148, 'ستيلفيو', NULL, NULL, 'active', '2025-07-06 15:53:35', '2025-07-06 15:53:35'),
(436, 149, 'نيكسون', NULL, NULL, 'active', '2025-07-06 15:53:35', '2025-07-06 15:53:35'),
(437, 149, 'هارير', NULL, NULL, 'active', '2025-07-06 15:53:35', '2025-07-06 15:53:35'),
(438, 149, 'سفاري', NULL, NULL, 'active', '2025-07-06 15:53:35', '2025-07-06 15:53:35'),
(439, 149, 'تياجو', NULL, NULL, 'active', '2025-07-06 15:53:35', '2025-07-06 15:53:35'),
(440, 149, 'التيروز', NULL, NULL, 'active', '2025-07-06 15:53:35', '2025-07-06 15:53:35'),
(441, 150, 'فيكتوس', NULL, NULL, 'active', '2025-07-06 15:53:35', '2025-07-06 15:53:35'),
(442, 150, 'بوردينج', NULL, NULL, 'active', '2025-07-06 15:53:35', '2025-07-06 15:53:35'),
(443, 151, 'X70', NULL, NULL, 'active', '2025-07-06 15:53:35', '2025-07-06 15:53:35'),
(444, 151, 'X90', NULL, NULL, 'active', '2025-07-06 15:53:35', '2025-07-06 15:53:35'),
(445, 151, 'X95', NULL, NULL, 'active', '2025-07-06 15:53:35', '2025-07-06 15:53:35'),
(446, 151, 'داشينج', NULL, NULL, 'active', '2025-07-06 15:53:35', '2025-07-06 15:53:35'),
(447, 152, 'Z7', NULL, NULL, 'active', '2025-07-06 15:53:35', '2025-07-06 15:53:35'),
(448, 153, 'تونلاند', NULL, NULL, 'active', '2025-07-06 15:53:35', '2025-07-06 15:53:35'),
(449, 153, 'سافانا', NULL, NULL, 'active', '2025-07-06 15:53:35', '2025-07-06 15:53:35'),
(450, 153, 'View', NULL, NULL, 'active', '2025-07-06 15:53:35', '2025-07-06 15:53:35'),
(451, 153, 'Aumark', NULL, NULL, 'active', '2025-07-06 15:53:35', '2025-07-06 15:53:35'),
(452, 154, 'V1', NULL, NULL, 'active', '2025-07-06 15:53:35', '2025-07-06 15:53:35'),
(453, 155, 'X60', NULL, NULL, 'active', '2025-07-06 15:53:35', '2025-07-06 15:53:35'),
(454, 156, 'T60', NULL, NULL, 'active', '2025-07-06 15:53:35', '2025-07-06 15:53:35'),
(455, 156, 'T70', NULL, NULL, 'active', '2025-07-06 15:53:35', '2025-07-06 15:53:35'),
(456, 156, 'T90', NULL, NULL, 'active', '2025-07-06 15:53:35', '2025-07-06 15:53:35'),
(457, 156, 'D60', NULL, NULL, 'active', '2025-07-06 15:53:35', '2025-07-06 15:53:35'),
(458, 156, 'D90', NULL, NULL, 'active', '2025-07-06 15:53:35', '2025-07-06 15:53:35'),
(459, 156, 'G10', NULL, NULL, 'active', '2025-07-06 15:53:35', '2025-07-06 15:53:35'),
(460, 156, 'G20', NULL, NULL, 'active', '2025-07-06 15:53:35', '2025-07-06 15:53:35'),
(461, 156, 'G50', NULL, NULL, 'active', '2025-07-06 15:53:35', '2025-07-06 15:53:35'),
(462, 157, '720S', NULL, NULL, 'active', '2025-07-06 15:53:35', '2025-07-06 15:53:35'),
(463, 157, '765LT', NULL, NULL, 'active', '2025-07-06 15:53:35', '2025-07-06 15:53:35'),
(464, 157, 'GT', NULL, NULL, 'active', '2025-07-06 15:53:35', '2025-07-06 15:53:35'),
(465, 157, 'Artura', NULL, NULL, 'active', '2025-07-06 15:53:35', '2025-07-06 15:53:35'),
(466, 158, 'J7', NULL, NULL, 'active', '2025-07-06 15:53:35', '2025-07-06 15:53:35'),
(467, 158, 'S3', NULL, NULL, 'active', '2025-07-06 15:53:35', '2025-07-06 15:53:35'),
(468, 158, 'S4', NULL, NULL, 'active', '2025-07-06 15:53:35', '2025-07-06 15:53:35'),
(469, 158, 'S7', NULL, NULL, 'active', '2025-07-06 15:53:35', '2025-07-06 15:53:35'),
(470, 158, 'T6', NULL, NULL, 'active', '2025-07-06 15:53:35', '2025-07-06 15:53:35'),
(471, 158, 'T8', NULL, NULL, 'active', '2025-07-06 15:53:35', '2025-07-06 15:53:35'),
(472, 159, 'X3', NULL, NULL, 'active', '2025-07-06 15:53:35', '2025-07-06 15:53:35'),
(473, 159, 'X5', NULL, NULL, 'active', '2025-07-06 15:53:35', '2025-07-06 15:53:35'),
(474, 159, 'X7', NULL, NULL, 'active', '2025-07-06 15:53:35', '2025-07-06 15:53:35'),
(475, 159, 'BJ40', NULL, NULL, 'active', '2025-07-06 15:53:35', '2025-07-06 15:53:35'),
(476, 159, 'BJ80', NULL, NULL, 'active', '2025-07-06 15:53:35', '2025-07-06 15:53:35'),
(477, 159, 'M50S', NULL, NULL, 'active', '2025-07-06 15:53:35', '2025-07-06 15:53:35'),
(478, 159, 'M60', NULL, NULL, 'active', '2025-07-06 15:53:35', '2025-07-06 15:53:35'),
(479, 160, 'AX7', NULL, NULL, 'active', '2025-07-06 15:53:35', '2025-07-06 15:53:35'),
(480, 160, 'ريتش', NULL, NULL, 'active', '2025-07-06 15:53:35', '2025-07-06 15:53:35'),
(481, 161, 'TXL', NULL, NULL, 'active', '2025-07-06 15:53:35', '2025-07-06 15:53:35'),
(482, 161, 'VX', NULL, NULL, 'active', '2025-07-06 15:53:35', '2025-07-06 15:53:35'),
(483, 161, 'LX', NULL, NULL, 'active', '2025-07-06 15:53:35', '2025-07-06 15:53:35'),
(484, 162, 'موديل 3', NULL, NULL, 'active', '2025-07-06 15:53:35', '2025-07-06 15:53:35'),
(485, 162, 'موديل S', NULL, NULL, 'active', '2025-07-06 15:53:35', '2025-07-06 15:53:35'),
(486, 162, 'موديل X', NULL, NULL, 'active', '2025-07-06 15:53:35', '2025-07-06 15:53:35'),
(487, 162, 'موديل Y', NULL, NULL, 'active', '2025-07-06 15:53:35', '2025-07-06 15:53:35'),
(488, 163, 'DX3', NULL, NULL, 'active', '2025-07-06 15:53:35', '2025-07-06 15:53:35'),
(489, 163, 'DX5', NULL, NULL, 'active', '2025-07-06 15:53:35', '2025-07-06 15:53:35'),
(490, 163, 'DX7', NULL, NULL, 'active', '2025-07-06 15:53:35', '2025-07-06 15:53:35'),
(491, 164, 'Scorpio', NULL, NULL, 'active', '2025-07-06 15:53:35', '2025-07-06 15:53:35'),
(492, 164, 'XUV500', NULL, NULL, 'active', '2025-07-06 15:53:35', '2025-07-06 15:53:35'),
(493, 165, 'T600', NULL, NULL, 'active', '2025-07-06 15:53:35', '2025-07-06 15:53:35'),
(494, 166, 'H5', NULL, NULL, 'active', '2025-07-06 15:53:35', '2025-07-06 15:53:35'),
(495, 166, 'H7', NULL, NULL, 'active', '2025-07-06 15:53:35', '2025-07-06 15:53:35'),
(496, 166, 'H9', NULL, NULL, 'active', '2025-07-06 15:53:35', '2025-07-06 15:53:35'),
(497, 166, 'HS5', NULL, NULL, 'active', '2025-07-06 15:53:35', '2025-07-06 15:53:35'),
(498, 166, 'HS7', NULL, NULL, 'active', '2025-07-06 15:53:35', '2025-07-06 15:53:35'),
(499, 166, 'E-HS9', NULL, NULL, 'active', '2025-07-06 15:53:35', '2025-07-06 15:53:35'),
(500, 167, 'Fortwo', NULL, NULL, 'active', '2025-07-06 15:53:35', '2025-07-06 15:53:35'),
(501, 167, 'Forfour', NULL, NULL, 'active', '2025-07-06 15:53:35', '2025-07-06 15:53:35'),
(502, 168, '300', NULL, NULL, 'active', '2025-07-06 15:53:35', '2025-07-06 15:53:35'),
(503, 168, '500', NULL, NULL, 'active', '2025-07-06 15:53:35', '2025-07-06 15:53:35'),
(504, 169, '01', NULL, NULL, 'active', '2025-07-06 15:53:35', '2025-07-06 15:53:35'),
(505, 169, '02', NULL, NULL, 'active', '2025-07-06 15:53:35', '2025-07-06 15:53:35'),
(506, 169, '03', NULL, NULL, 'active', '2025-07-06 15:53:35', '2025-07-06 15:53:35'),
(507, 169, '05', NULL, NULL, 'active', '2025-07-06 15:53:35', '2025-07-06 15:53:35'),
(508, 169, '06', NULL, NULL, 'active', '2025-07-06 15:53:35', '2025-07-06 15:53:35'),
(509, 169, '09', NULL, NULL, 'active', '2025-07-06 15:53:35', '2025-07-06 15:53:35'),
(510, 170, 'Air', NULL, NULL, 'active', '2025-07-06 15:53:35', '2025-07-06 15:53:35'),
(511, 171, 'Grenadier', NULL, NULL, 'active', '2025-07-06 15:53:35', '2025-07-06 15:53:35');

-- --------------------------------------------------------

--
-- Table structure for table `car_types`
--

CREATE TABLE `car_types` (
  `id` bigint(20) UNSIGNED NOT NULL,
  `name_ar` varchar(255) DEFAULT NULL,
  `name_en` varchar(255) DEFAULT NULL,
  `status` enum('active','inactive') NOT NULL DEFAULT 'active',
  `created_at` timestamp NULL DEFAULT NULL,
  `updated_at` timestamp NULL DEFAULT NULL
) ENGINE=InnoDB DEFAULT CHARSET=utf8mb4 COLLATE=utf8mb4_unicode_ci;

--
-- Dumping data for table `car_types`
--

INSERT INTO `car_types` (`id`, `name_ar`, `name_en`, `status`, `created_at`, `updated_at`) VALUES
(85, 'تويوتا', NULL, 'active', '2025-07-06 15:53:33', '2025-07-06 15:53:33'),
(86, 'فورد', NULL, 'active', '2025-07-06 15:53:33', '2025-07-06 15:53:33'),
(87, 'شيفروليه', NULL, 'active', '2025-07-06 15:53:33', '2025-07-06 15:53:33'),
(88, 'قطع غيار وملحقات', NULL, 'active', '2025-07-06 15:53:33', '2025-07-06 15:53:33'),
(89, 'نيسان', NULL, 'active', '2025-07-06 15:53:33', '2025-07-06 15:53:33'),
(90, 'هيونداي', NULL, 'active', '2025-07-06 15:53:33', '2025-07-06 15:53:33'),
(91, 'جنسس', NULL, 'active', '2025-07-06 15:53:34', '2025-07-06 15:53:34'),
(92, 'لكزس', NULL, 'active', '2025-07-06 15:53:34', '2025-07-06 15:53:34'),
(93, 'جي ام سي', NULL, 'active', '2025-07-06 15:53:34', '2025-07-06 15:53:34'),
(94, 'شاحنات ومعدات ثقيلة', NULL, 'active', '2025-07-06 15:53:34', '2025-07-06 15:53:34'),
(95, 'مرسيدس', NULL, 'active', '2025-07-06 15:53:34', '2025-07-06 15:53:34'),
(96, 'هوندا', NULL, 'active', '2025-07-06 15:53:34', '2025-07-06 15:53:34'),
(97, 'بي ام دبليو', NULL, 'active', '2025-07-06 15:53:34', '2025-07-06 15:53:34'),
(98, 'دبابات', NULL, 'active', '2025-07-06 15:53:34', '2025-07-06 15:53:34'),
(99, 'كيا', NULL, 'active', '2025-07-06 15:53:34', '2025-07-06 15:53:34'),
(100, 'دودج', NULL, 'active', '2025-07-06 15:53:34', '2025-07-06 15:53:34'),
(101, 'كرايزلر', NULL, 'active', '2025-07-06 15:53:34', '2025-07-06 15:53:34'),
(102, 'جيب', NULL, 'active', '2025-07-06 15:53:34', '2025-07-06 15:53:34'),
(103, 'ميتسوبيشي', NULL, 'active', '2025-07-06 15:53:34', '2025-07-06 15:53:34'),
(104, 'مازدا', NULL, 'active', '2025-07-06 15:53:34', '2025-07-06 15:53:34'),
(105, 'لاند روفر', NULL, 'active', '2025-07-06 15:53:34', '2025-07-06 15:53:34'),
(106, 'ايسوزو', NULL, 'active', '2025-07-06 15:53:34', '2025-07-06 15:53:34'),
(107, 'كاديلاك', NULL, 'active', '2025-07-06 15:53:34', '2025-07-06 15:53:34'),
(108, 'بورش', NULL, 'active', '2025-07-06 15:53:34', '2025-07-06 15:53:34'),
(109, 'أودي', NULL, 'active', '2025-07-06 15:53:34', '2025-07-06 15:53:34'),
(110, 'سوزوكي', NULL, 'active', '2025-07-06 15:53:34', '2025-07-06 15:53:34'),
(111, 'انفنيتي', NULL, 'active', '2025-07-06 15:53:34', '2025-07-06 15:53:34'),
(112, 'همر', NULL, 'active', '2025-07-06 15:53:34', '2025-07-06 15:53:34'),
(113, 'لنكولن', NULL, 'active', '2025-07-06 15:53:34', '2025-07-06 15:53:34'),
(114, 'فولكس فاجن', NULL, 'active', '2025-07-06 15:53:34', '2025-07-06 15:53:34'),
(115, 'دايهاتسو', NULL, 'active', '2025-07-06 15:53:34', '2025-07-06 15:53:34'),
(116, 'جيلي', NULL, 'active', '2025-07-06 15:53:34', '2025-07-06 15:53:34'),
(117, 'ميركوري', NULL, 'active', '2025-07-06 15:53:34', '2025-07-06 15:53:34'),
(118, 'فولفو', NULL, 'active', '2025-07-06 15:53:34', '2025-07-06 15:53:34'),
(119, 'بيجو', NULL, 'active', '2025-07-06 15:53:34', '2025-07-06 15:53:34'),
(120, 'بنتلي', NULL, 'active', '2025-07-06 15:53:34', '2025-07-06 15:53:34'),
(121, 'جاكوار', NULL, 'active', '2025-07-06 15:53:34', '2025-07-06 15:53:34'),
(122, 'سوبارو', NULL, 'active', '2025-07-06 15:53:34', '2025-07-06 15:53:34'),
(123, 'MG', NULL, 'active', '2025-07-06 15:53:34', '2025-07-06 15:53:34'),
(124, 'ZXAUTO', NULL, 'active', '2025-07-06 15:53:34', '2025-07-06 15:53:34'),
(125, 'شانجان', NULL, 'active', '2025-07-06 15:53:34', '2025-07-06 15:53:34'),
(126, 'رينو', NULL, 'active', '2025-07-06 15:53:34', '2025-07-06 15:53:34'),
(127, 'بويك', NULL, 'active', '2025-07-06 15:53:34', '2025-07-06 15:53:34'),
(128, 'مازيراتي', NULL, 'active', '2025-07-06 15:53:34', '2025-07-06 15:53:34'),
(129, 'رولز رويس', NULL, 'active', '2025-07-06 15:53:34', '2025-07-06 15:53:34'),
(130, 'لامبورجيني', NULL, 'active', '2025-07-06 15:53:34', '2025-07-06 15:53:34'),
(131, 'أوبل', NULL, 'active', '2025-07-06 15:53:34', '2025-07-06 15:53:34'),
(132, 'سكودا', NULL, 'active', '2025-07-06 15:53:34', '2025-07-06 15:53:34'),
(133, 'فيراري', NULL, 'active', '2025-07-06 15:53:34', '2025-07-06 15:53:34'),
(134, 'سيتروين', NULL, 'active', '2025-07-06 15:53:34', '2025-07-06 15:53:34'),
(135, 'شيري', NULL, 'active', '2025-07-06 15:53:34', '2025-07-06 15:53:34'),
(136, 'سيات', NULL, 'active', '2025-07-06 15:53:35', '2025-07-06 15:53:35'),
(137, 'دايو', NULL, 'active', '2025-07-06 15:53:35', '2025-07-06 15:53:35'),
(138, 'ساب', NULL, 'active', '2025-07-06 15:53:35', '2025-07-06 15:53:35'),
(139, 'فيات', NULL, 'active', '2025-07-06 15:53:35', '2025-07-06 15:53:35'),
(140, 'سانج يونج', NULL, 'active', '2025-07-06 15:53:35', '2025-07-06 15:53:35'),
(141, 'أستون مارتن', NULL, 'active', '2025-07-06 15:53:35', '2025-07-06 15:53:35'),
(142, 'بروتون', NULL, 'active', '2025-07-06 15:53:35', '2025-07-06 15:53:35'),
(143, 'هافال', NULL, 'active', '2025-07-06 15:53:35', '2025-07-06 15:53:35'),
(144, 'جي ايه سي GAC', NULL, 'active', '2025-07-06 15:53:35', '2025-07-06 15:53:35'),
(145, 'جريت وول Great Wall', NULL, 'active', '2025-07-06 15:53:35', '2025-07-06 15:53:35'),
(146, 'فاو FAW', NULL, 'active', '2025-07-06 15:53:35', '2025-07-06 15:53:35'),
(147, 'BYD', NULL, 'active', '2025-07-06 15:53:35', '2025-07-06 15:53:35'),
(148, 'الفا روميو', NULL, 'active', '2025-07-06 15:53:35', '2025-07-06 15:53:35'),
(149, 'تاتا', NULL, 'active', '2025-07-06 15:53:35', '2025-07-06 15:53:35'),
(150, 'جى ام سي JMC', NULL, 'active', '2025-07-06 15:53:35', '2025-07-06 15:53:35'),
(151, 'جيتور', NULL, 'active', '2025-07-06 15:53:35', '2025-07-06 15:53:35'),
(152, 'سي ام سي CMC', NULL, 'active', '2025-07-06 15:53:35', '2025-07-06 15:53:35'),
(153, 'فوتون', NULL, 'active', '2025-07-06 15:53:35', '2025-07-06 15:53:35'),
(154, 'فيكتوري اوتو', NULL, 'active', '2025-07-06 15:53:35', '2025-07-06 15:53:35'),
(155, 'ليفان', NULL, 'active', '2025-07-06 15:53:35', '2025-07-06 15:53:35'),
(156, 'ماكسيس', NULL, 'active', '2025-07-06 15:53:35', '2025-07-06 15:53:35'),
(157, 'ماكلارين', NULL, 'active', '2025-07-06 15:53:35', '2025-07-06 15:53:35'),
(158, 'جاك JAC', NULL, 'active', '2025-07-06 15:53:35', '2025-07-06 15:53:35'),
(159, 'بايك', NULL, 'active', '2025-07-06 15:53:35', '2025-07-06 15:53:35'),
(160, 'دونج فينج', NULL, 'active', '2025-07-06 15:53:35', '2025-07-06 15:53:35'),
(161, 'اكسيد', NULL, 'active', '2025-07-06 15:53:35', '2025-07-06 15:53:35'),
(162, 'تسلا', NULL, 'active', '2025-07-06 15:53:35', '2025-07-06 15:53:35'),
(163, 'ساوايست', NULL, 'active', '2025-07-06 15:53:35', '2025-07-06 15:53:35'),
(164, 'ماهيندرا', NULL, 'active', '2025-07-06 15:53:35', '2025-07-06 15:53:35'),
(165, 'زوتي', NULL, 'active', '2025-07-06 15:53:35', '2025-07-06 15:53:35'),
(166, 'هونشي', NULL, 'active', '2025-07-06 15:53:35', '2025-07-06 15:53:35'),
(167, 'سمارت', NULL, 'active', '2025-07-06 15:53:35', '2025-07-06 15:53:35'),
(168, 'تانك', NULL, 'active', '2025-07-06 15:53:35', '2025-07-06 15:53:35'),
(169, 'لينك اند كو', NULL, 'active', '2025-07-06 15:53:35', '2025-07-06 15:53:35'),
(170, 'لوسيد', NULL, 'active', '2025-07-06 15:53:35', '2025-07-06 15:53:35'),
(171, 'اينيوس', NULL, 'active', '2025-07-06 15:53:35', '2025-07-06 15:53:35');

-- --------------------------------------------------------

--
-- Table structure for table `cities`
--

CREATE TABLE `cities` (
  `id` bigint(20) UNSIGNED NOT NULL,
  `name_ar` varchar(255) NOT NULL,
  `name_en` varchar(255) NOT NULL,
  `created_at` timestamp NULL DEFAULT NULL,
  `updated_at` timestamp NULL DEFAULT NULL
) ENGINE=InnoDB DEFAULT CHARSET=utf8mb4 COLLATE=utf8mb4_unicode_ci;

--
-- Dumping data for table `cities`
--

INSERT INTO `cities` (`id`, `name_ar`, `name_en`, `created_at`, `updated_at`) VALUES
(1, 'تبوك', 'Tabuk', '2025-07-06 17:37:01', '2025-07-06 17:37:01'),
(3, 'الرياض', 'Riyadh', '2025-07-06 17:37:02', '2025-07-06 17:37:02'),
(5, 'الطائف', 'Taif', '2025-07-06 20:39:43', '2025-07-06 20:39:43'),
(6, 'مكة المكرمة', 'Makkah', '2025-07-06 20:39:43', '2025-07-06 20:39:43'),
(10, 'حائل', 'Hail', '2025-07-06 20:39:43', '2025-07-06 20:39:43'),
(11, 'بريدة', 'Buraidah', '2025-07-06 20:39:43', '2025-07-06 20:39:43'),
(13, 'الدمام', 'Dammam', '2025-07-06 20:39:43', '2025-07-06 20:39:43'),
(14, 'المدينة المنورة', 'Medina', '2025-07-06 20:39:43', '2025-07-06 20:39:43'),
(15, 'ابها', 'Abha', '2025-07-06 20:39:43', '2025-07-06 20:39:43'),
(17, 'جازان', 'Jazan', '2025-07-06 20:39:43', '2025-07-06 20:39:43'),
(18, 'جدة', 'Jeddah', '2025-07-06 20:39:43', '2025-07-06 20:39:43'),
(24, 'المجمعة', 'Majmaah', '2025-07-06 20:39:43', '2025-07-06 20:39:43'),
(31, 'الخبر', 'Khobar', '2025-07-06 20:39:43', '2025-07-06 20:39:43'),
(80, 'عنيزة', 'Unaizah', '2025-07-06 20:39:43', '2025-07-06 20:39:43'),
(168, 'الارطاوية', 'Artawiyah', '2025-07-06 20:39:43', '2025-07-06 20:39:43'),
(227, 'الظهران', 'Dhahran', '2025-07-06 20:39:43', '2025-07-06 20:39:43'),
(243, 'بقيق', 'Buqayq', '2025-07-06 20:39:43', '2025-07-06 20:39:43'),
(253, 'صلاصل', 'Salasil', '2025-07-06 20:39:43', '2025-07-06 20:39:43'),
(270, 'الزلفي', 'Zulfi', '2025-07-06 20:39:43', '2025-07-06 20:39:43'),
(306, 'الغاط', 'Ghat', '2025-07-06 20:39:43', '2025-07-06 20:39:43'),
(377, 'رابغ', 'Rabigh', '2025-07-06 20:39:43', '2025-07-06 20:39:43'),
(443, 'ثادق', 'Thadiq', '2025-07-06 20:39:43', '2025-07-06 20:39:43'),
(444, 'الروبضة / رغبة', 'Al Rawbdah / Raghbah', '2025-07-06 20:39:43', '2025-07-06 20:39:43'),
(796, 'ملهم', 'Mulham', '2025-07-06 20:39:43', '2025-07-06 20:39:43'),
(828, 'الدرعية', 'Diriyah', '2025-07-06 20:39:43', '2025-07-06 20:39:43'),
(834, 'العمارية', 'Al Amariyah', '2025-07-06 20:39:43', '2025-07-06 20:39:43'),
(990, 'المزاحمية', 'Al Muzahimiyah', '2025-07-06 20:39:43', '2025-07-06 20:39:43'),
(1061, 'الخرج', 'Al Kharj', '2025-07-06 20:39:43', '2025-07-06 20:39:43'),
(1801, 'محايل', 'Muhayil', '2025-07-06 20:39:43', '2025-07-06 20:39:43'),
(2421, 'الرس', 'Ar Rass', '2025-07-06 20:39:43', '2025-07-06 20:39:43'),
(2522, 'يدمة', 'Yadamah', '2025-07-06 20:39:43', '2025-07-06 20:39:43'),
(3417, 'نجران', 'Najran', '2025-07-06 20:39:43', '2025-07-06 20:39:43'),
(3479, 'صبيا', 'Sabya', '2025-07-06 20:39:43', '2025-07-06 20:39:43'),
(3499, 'ضمد', 'Damad', '2025-07-06 20:39:43', '2025-07-06 20:39:43'),
(3525, 'ابو عريش', 'Abu Arish', '2025-07-06 20:39:43', '2025-07-06 20:39:43'),
(3618, 'البديع والقرفي', 'Al Badi & Al Qarafi', '2025-07-06 20:39:43', '2025-07-06 20:39:43'),
(3652, 'احد المسارحة', 'Ahad Al Masarihah', '2025-07-06 20:39:43', '2025-07-06 20:39:43'),
(3677, 'الاحساء', 'Al Ahsa', '2025-07-06 20:39:43', '2025-07-06 20:39:43'),
(23695, 'مدينة الملك عبدالله الاقتصادية', 'KAEC', '2025-07-06 20:39:43', '2025-07-06 20:39:43');

-- --------------------------------------------------------

--
-- Table structure for table `districts`
--

CREATE TABLE `districts` (
  `id` bigint(20) UNSIGNED NOT NULL,
  `name_ar` varchar(255) NOT NULL,
  `name_en` varchar(255) NOT NULL,
  `city_id` bigint(20) UNSIGNED NOT NULL,
  `created_at` timestamp NULL DEFAULT NULL,
  `updated_at` timestamp NULL DEFAULT NULL
) ENGINE=InnoDB DEFAULT CHARSET=utf8mb4 COLLATE=utf8mb4_unicode_ci;

--
-- Dumping data for table `districts`
--

INSERT INTO `districts` (`id`, `name_ar`, `name_en`, `city_id`, `created_at`, `updated_at`) VALUES
(10100003001, 'حي العمل', 'Al Amal Dist.', 3, '2025-07-06 17:37:02', '2025-07-06 17:37:02'),
(10100003002, 'حي النموذجية', 'Al Namudhajiyah Dist.', 3, '2025-07-06 17:37:02', '2025-07-06 17:37:02'),
(10100003003, 'حي الجرادية', 'Al Jarradiyah Dist.', 3, '2025-07-06 17:37:02', '2025-07-06 17:37:02'),
(10100003004, 'حي الصناعية', 'Al Sinaiyah Dist.', 3, '2025-07-06 17:37:02', '2025-07-06 17:37:02'),
(10100003005, 'حي منفوحة الجديدة', 'Manfuha Al Jadidah Dist.', 3, '2025-07-06 17:37:02', '2025-07-06 17:37:02'),
(10100003006, 'حي الفاخرية', 'Al Fakhiriyah Dist.', 3, '2025-07-06 17:37:02', '2025-07-06 17:37:02'),
(10100003007, 'حي الديرة', 'Al Dirah Dist.', 3, '2025-07-06 17:37:02', '2025-07-06 17:37:02'),
(10100003008, 'حي ام الحمام الشرقي', 'East Umm Al Hamam Dist.', 3, '2025-07-06 17:37:02', '2025-07-06 17:37:02'),
(10100003009, 'حي الشرفية', 'Al Sharafiyah Dist.', 3, '2025-07-06 17:37:02', '2025-07-06 17:37:02'),
(10100003010, 'حي الهدا', 'Al Hada Dist.', 3, '2025-07-06 17:37:02', '2025-07-06 17:37:02'),
(10100003011, 'حي المعذر الشمالي', 'North Mathar Dist.', 3, '2025-07-06 17:37:03', '2025-07-06 17:37:03'),
(10100003012, 'حي ام الحمام الغربي', 'West Umm Al Hamam Dist.', 3, '2025-07-06 17:37:03', '2025-07-06 17:37:03'),
(10100003013, 'حي الرحمانية', 'Al Rahmaniyah Dist.', 3, '2025-07-06 17:37:03', '2025-07-06 17:37:03'),
(10100003014, 'حي لبن', 'Laban Dist.', 3, '2025-07-06 17:37:03', '2025-07-06 17:37:03'),
(10100003015, 'حي الرفيعة', 'Al Rafeah Dist.', 3, '2025-07-06 17:37:03', '2025-07-06 17:37:03'),
(10100003016, 'حي الشهداء', 'Al Shohda Dist.', 3, '2025-07-06 17:37:03', '2025-07-06 17:37:03'),
(10100003017, 'حي الملك فهد', 'King Fahd Dist.', 3, '2025-07-06 17:37:03', '2025-07-06 17:37:03'),
(10100003018, 'حي السويدي', 'Al Suwaidi Dist.', 3, '2025-07-06 17:37:03', '2025-07-06 17:37:03'),
(10100003019, 'حي الحزم', 'Al Hazm Dist.', 3, '2025-07-06 17:37:03', '2025-07-06 17:37:03'),
(10100003020, 'حي عتيقة', 'Utayqah Dist.', 3, '2025-07-06 17:37:03', '2025-07-06 17:37:03'),
(10100003021, 'حي المربع', 'Al Murabba Dist.', 3, '2025-07-06 17:37:03', '2025-07-06 17:37:03'),
(10100003022, 'حي الفلاح', 'Al Falah Dist.', 3, '2025-07-06 17:37:03', '2025-07-06 17:37:03'),
(10100003023, 'حي الندى', 'Al Nada Dist.', 3, '2025-07-06 17:37:03', '2025-07-06 17:37:03'),
(10100003024, 'حي المرسلات', 'Al Mursalat Dist.', 3, '2025-07-06 17:37:03', '2025-07-06 17:37:03'),
(10100003025, 'حي النزهة', 'Al Nuzha Dist.', 3, '2025-07-06 17:37:03', '2025-07-06 17:37:03'),
(10100003026, 'حي الورود', 'Al Woroud Dist.', 3, '2025-07-06 17:37:03', '2025-07-06 17:37:03'),
(10100003027, 'حي الملك فيصل', 'King Faisal Dist.', 3, '2025-07-06 17:37:03', '2025-07-06 17:37:03'),
(10100003028, 'المدينة الصناعية الثانية', '2Nd Industrial City', 3, '2025-07-06 17:37:03', '2025-07-06 17:37:03'),
(10100003029, 'حي العزيزية', 'Al Aziziyah Dist.', 3, '2025-07-06 17:37:04', '2025-07-06 17:37:04'),
(10100003030, 'حي المنصورة', 'Al Mansurah Dist.', 3, '2025-07-06 17:37:04', '2025-07-06 17:37:04'),
(10100003031, 'حي غبيرة', 'Ghobairah Dist.', 3, '2025-07-06 17:37:04', '2025-07-06 17:37:04'),
(10100003032, 'حي الفاروق', 'Al Farooq Dist.', 3, '2025-07-06 17:37:04', '2025-07-06 17:37:04'),
(10100003033, 'حي الفيصلية', 'Al Faisaliyah Dist.', 3, '2025-07-06 17:37:04', '2025-07-06 17:37:04'),
(10100003034, 'حي الخالدية', 'Al Khalidiyah Dist.', 3, '2025-07-06 17:37:04', '2025-07-06 17:37:04'),
(10100003035, 'حي الجزيرة', 'Al Jazeerah Dist.', 3, '2025-07-06 17:37:04', '2025-07-06 17:37:04'),
(10100003036, 'حي السعادة', 'Al Saadah Dist.', 3, '2025-07-06 17:37:04', '2025-07-06 17:37:04'),
(10100003037, 'حي الناصرية', 'Al Nasiriyah Dist.', 3, '2025-07-06 17:37:04', '2025-07-06 17:37:04'),
(10100003038, 'حي المناخ', 'Al Manakh Dist.', 3, '2025-07-06 17:37:04', '2025-07-06 17:37:04'),
(10100003039, 'حي الدفاع', 'Al Difaa Dist.', 3, '2025-07-06 17:37:04', '2025-07-06 17:37:04'),
(10100003040, 'حي النور', 'Al Noor Dist.', 3, '2025-07-06 17:37:04', '2025-07-06 17:37:04'),
(10100003041, 'حي الملك عبدالله', 'King Abdullah Dist.', 3, '2025-07-06 17:37:04', '2025-07-06 17:37:04'),
(10100003042, 'حي الملك سلمان', 'King Salman Dist.', 3, '2025-07-06 17:37:04', '2025-07-06 17:37:04'),
(10100003043, 'حي صلاح الدين', 'Salahuddin Dist.', 3, '2025-07-06 17:37:04', '2025-07-06 17:37:04'),
(10100003044, 'حي الملك عبدالعزيز', 'King Abdulaziz Dist.', 3, '2025-07-06 17:37:04', '2025-07-06 17:37:04'),
(10100003045, 'حي الوزارات', 'Al Wizarat Dist.', 3, '2025-07-06 17:37:04', '2025-07-06 17:37:04'),
(10100003046, 'حي سكيرينة', 'Skirinah Dist.', 3, '2025-07-06 17:37:04', '2025-07-06 17:37:04'),
(10100003047, 'حي الربوة', 'Al Rabwah Dist.', 3, '2025-07-06 17:37:04', '2025-07-06 17:37:04'),
(10100003048, 'حي جرير', 'Jareer Dist.', 3, '2025-07-06 17:37:04', '2025-07-06 17:37:04'),
(10100003049, 'حي المعذر', 'Al Mathar Dist.', 3, '2025-07-06 17:37:04', '2025-07-06 17:37:04'),
(10100003050, 'حي الصالحية', 'As Salhiyah Dist.', 3, '2025-07-06 17:37:04', '2025-07-06 17:37:04'),
(10100003051, 'حي الملز', 'Al Malaz Dist.', 3, '2025-07-06 17:37:04', '2025-07-06 17:37:04'),
(10100003052, 'حي منفوحة', 'Manfuhah Dist.', 3, '2025-07-06 17:37:04', '2025-07-06 17:37:04'),
(10100003053, 'حي عليشة', 'Olaishah Dist.', 3, '2025-07-06 17:37:04', '2025-07-06 17:37:04'),
(10100003054, 'حي النهضة', 'Al Nahdah Dist.', 3, '2025-07-06 17:37:04', '2025-07-06 17:37:04'),
(10100003055, 'حي الخليج', 'Al Khaleej Dist.', 3, '2025-07-06 17:37:04', '2025-07-06 17:37:04'),
(10100003056, 'حي الضباط', 'Al Dhubbat Dist.', 3, '2025-07-06 17:37:04', '2025-07-06 17:37:04'),
(10100003057, 'حي السويدي الغربي', 'West Suwaidi Dist.', 3, '2025-07-06 17:37:04', '2025-07-06 17:37:04'),
(10100003058, 'حي ديراب', 'Dirab Dist.', 3, '2025-07-06 17:37:04', '2025-07-06 17:37:04'),
(10100003059, 'حي احد', 'Ohod Dist.', 3, '2025-07-06 17:37:04', '2025-07-06 17:37:04'),
(10100003060, 'حي نمار', 'Namar Dist.', 3, '2025-07-06 17:37:04', '2025-07-06 17:37:04'),
(10100003061, 'حي الشفا', 'Al Shifa Dist.', 3, '2025-07-06 17:37:04', '2025-07-06 17:37:04'),
(10100003062, 'حي المحمدية', 'Al Muhammadiyah Dist.', 3, '2025-07-06 17:37:04', '2025-07-06 17:37:04'),
(10100003063, 'حي السليمانية', 'Al Sulaimaniyah Dist.', 3, '2025-07-06 17:37:04', '2025-07-06 17:37:04'),
(10100003064, 'حي المروة', 'Al Marwah Dist.', 3, '2025-07-06 17:37:04', '2025-07-06 17:37:04'),
(10100003065, 'حي عكاظ', 'Okaz Dist.', 3, '2025-07-06 17:37:04', '2025-07-06 17:37:04'),
(10100003066, 'حي شبرا', 'Shubra Dist.', 3, '2025-07-06 17:37:04', '2025-07-06 17:37:04'),
(10100003067, 'حي الزهرة', 'Al Zahrah Dist.', 3, '2025-07-06 17:37:04', '2025-07-06 17:37:04'),
(10100003068, 'حي صياح', 'Siyah Dist.', 3, '2025-07-06 17:37:04', '2025-07-06 17:37:04'),
(10100003069, 'حي سلطانة', 'Sultanah Dist.', 3, '2025-07-06 17:37:04', '2025-07-06 17:37:04'),
(10100003070, 'حي اليمامة', 'Al Yamamah Dist.', 3, '2025-07-06 17:37:04', '2025-07-06 17:37:04'),
(10100003071, 'حي البديعة', 'Al Badeah Dist.', 3, '2025-07-06 17:37:04', '2025-07-06 17:37:04'),
(10100003072, 'حي المصانع', 'Al Masani Dist.', 3, '2025-07-06 17:37:04', '2025-07-06 17:37:04'),
(10100003073, 'حي القادسية', 'Al Qadisiyah Dist.', 3, '2025-07-06 17:37:04', '2025-07-06 17:37:04'),
(10100003074, 'حي الصفا', 'Al Safa Dist.', 3, '2025-07-06 17:37:04', '2025-07-06 17:37:04'),
(10100003075, 'حي العليا', 'Al Olaya Dist.', 3, '2025-07-06 17:37:04', '2025-07-06 17:37:04'),
(10100003076, 'حي الدريهمية', 'Al Duraihemiyah Dist.', 3, '2025-07-06 17:37:04', '2025-07-06 17:37:04'),
(10100003077, 'حي الاسكان', 'Al Iskan Dist.', 3, '2025-07-06 17:37:04', '2025-07-06 17:37:04'),
(10100003078, 'حي السلام', 'Al Salam Dist.', 3, '2025-07-06 17:37:04', '2025-07-06 17:37:04'),
(10100003079, 'حي المنار', 'Al Manar Dist.', 3, '2025-07-06 17:37:04', '2025-07-06 17:37:04'),
(10100003080, 'حي النسيم الشرقي', 'East Naseem Dist.', 3, '2025-07-06 17:37:04', '2025-07-06 17:37:04'),
(10100003081, 'حي القدس', 'Al Quds Dist.', 3, '2025-07-06 17:37:04', '2025-07-06 17:37:04'),
(10100003082, 'حي الوادي', 'Al Wadi Dist.', 3, '2025-07-06 17:37:04', '2025-07-06 17:37:04'),
(10100003083, 'حي النفل', 'Al Nafel Dist.', 3, '2025-07-06 17:37:04', '2025-07-06 17:37:04'),
(10100003084, 'حي المصيف', 'Al Maseef Dist.', 3, '2025-07-06 17:37:04', '2025-07-06 17:37:04'),
(10100003085, 'حي التعاون', 'Al Taawun Dist.', 3, '2025-07-06 17:37:04', '2025-07-06 17:37:04'),
(10100003086, 'حي الازدهار', 'Al Ezdihar Dist.', 3, '2025-07-06 17:37:04', '2025-07-06 17:37:04'),
(10100003087, 'حي الاندلس', 'Al Andalus Dist.', 3, '2025-07-06 17:37:04', '2025-07-06 17:37:04'),
(10100003088, 'حي الروضة', 'Al Rawdah Dist.', 3, '2025-07-06 17:37:04', '2025-07-06 17:37:04'),
(10100003089, 'حي الروابي', 'Al Rawabi Dist.', 3, '2025-07-06 17:37:04', '2025-07-06 17:37:04'),
(10100003090, 'حي الريان', 'Al Rayan Dist.', 3, '2025-07-06 17:37:04', '2025-07-06 17:37:04'),
(10100003091, 'حي ظهرة البديعة', 'Dhahrat Al Badeah Dist.', 3, '2025-07-06 17:37:04', '2025-07-06 17:37:04'),
(10100003092, 'حي النظيم', 'Al Nadheem Dist.', 3, '2025-07-06 17:37:04', '2025-07-06 17:37:04'),
(10100003093, 'حي الرماية', 'Al Rimayah Dist.', 3, '2025-07-06 17:37:04', '2025-07-06 17:37:04'),
(10100003094, 'حي البرية', 'Al Bariyah Dist.', 3, '2025-07-06 17:37:04', '2025-07-06 17:37:04'),
(10100003095, 'حي طيبة', 'Taybah Dist.', 3, '2025-07-06 17:37:04', '2025-07-06 17:37:04'),
(10100003096, 'حي المنصورية', 'Mansuriyah Dist.', 3, '2025-07-06 17:37:04', '2025-07-06 17:37:04'),
(10100003097, 'حي ضاحية نمار', 'Dahiyat Namar Dist.', 3, '2025-07-06 17:37:04', '2025-07-06 17:37:04'),
(10100003098, 'حي المصفاة', 'Al Misfat Dist.', 3, '2025-07-06 17:37:04', '2025-07-06 17:37:04'),
(10100003099, 'حي السفارات', 'Assafarat Dist.', 3, '2025-07-06 17:37:04', '2025-07-06 17:37:04'),
(10100003100, 'خشم العان', 'Khashm Al An', 3, '2025-07-06 17:37:04', '2025-07-06 17:37:04'),
(10100003101, 'حي قرطبة', 'Qurtubah Dist.', 3, '2025-07-06 17:37:04', '2025-07-06 17:37:04'),
(10100003102, 'حي طويق', 'Tuwaiq Dist.', 3, '2025-07-06 17:37:04', '2025-07-06 17:37:04'),
(10100003103, 'حي العوالي', 'Al Awaly Dist.', 3, '2025-07-06 17:37:04', '2025-07-06 17:37:04'),
(10100003104, 'حي الربيع', 'Al Rabie Dist.', 3, '2025-07-06 17:37:04', '2025-07-06 17:37:04'),
(10100003105, 'حي المغرزات', 'Al Mughrazat Dist.', 3, '2025-07-06 17:37:04', '2025-07-06 17:37:04'),
(10100003106, 'حي السلي', 'Al Sulay Dist.', 3, '2025-07-06 17:37:04', '2025-07-06 17:37:04'),
(10100003107, 'حي العقيق', 'Al Aqeeq Dist.', 3, '2025-07-06 17:37:04', '2025-07-06 17:37:04'),
(10100003108, 'حي النخيل', 'Al Nakheel Dist.', 3, '2025-07-06 17:37:04', '2025-07-06 17:37:04'),
(10100003109, 'حي الغدير', 'Al Ghadeer Dist.', 3, '2025-07-06 17:37:04', '2025-07-06 17:37:04'),
(10100003110, 'حي المروج', 'Al Muruj Dist.', 3, '2025-07-06 17:37:04', '2025-07-06 17:37:04'),
(10100003111, 'حي العود', 'Al Oud Dist.', 3, '2025-07-06 17:37:04', '2025-07-06 17:37:04'),
(10100003112, 'حي ثليم', 'Thulaim Dist.', 3, '2025-07-06 17:37:04', '2025-07-06 17:37:04'),
(10100003113, 'حي الشميسي', 'Al Shumaisi Dist.', 3, '2025-07-06 17:37:04', '2025-07-06 17:37:04'),
(10100003114, 'حي الوشام', 'Al Wisham Dist.', 3, '2025-07-06 17:37:04', '2025-07-06 17:37:04'),
(10100003115, 'منتزه سلام', 'Salam Park', 3, '2025-07-06 17:37:04', '2025-07-06 17:37:04'),
(10100003116, 'حي الدوبية', 'Al Dubiyah Dist.', 3, '2025-07-06 17:37:04', '2025-07-06 17:37:04'),
(10100003117, 'حي معكال', 'Meakal Dist.', 3, '2025-07-06 17:37:04', '2025-07-06 17:37:04'),
(10100003118, 'حي جبرة', 'Jabrah Dist.', 3, '2025-07-06 17:37:04', '2025-07-06 17:37:04'),
(10100003119, 'حي القرى', 'Al Qura Dist.', 3, '2025-07-06 17:37:04', '2025-07-06 17:37:04'),
(10100003120, 'حي المرقب', 'Al Marqab Dist.', 3, '2025-07-06 17:37:04', '2025-07-06 17:37:04'),
(10100003121, 'حي الفوطة', 'Al Futah Dist.', 3, '2025-07-06 17:37:04', '2025-07-06 17:37:04'),
(10100003122, 'حي ام سليم', 'Umm Saleem Dist.', 3, '2025-07-06 17:37:04', '2025-07-06 17:37:04'),
(10100003123, 'حي الصحافة', 'Al Sahafah Dist.', 3, '2025-07-06 17:37:04', '2025-07-06 17:37:04'),
(10100003125, 'حي الرائد', 'Al Raed Dist.', 3, '2025-07-06 17:37:04', '2025-07-06 17:37:04'),
(10100003126, 'حي العريجاء الغربي', 'West Oraija Dist.', 3, '2025-07-06 17:37:04', '2025-07-06 17:37:04'),
(10100003127, 'حي العريجاء', 'Al Uraija Dist.', 3, '2025-07-06 17:37:04', '2025-07-06 17:37:04'),
(10100003128, 'حي العريجاء الوسطى', 'Middle Oraija Dist.', 3, '2025-07-06 17:37:04', '2025-07-06 17:37:04'),
(10100003129, 'حي الحمراء', 'Al Hamra Dist.', 3, '2025-07-06 17:37:04', '2025-07-06 17:37:04'),
(10100003130, 'حي الدار البيضاء', 'Al Dar Al Baida Dist.', 3, '2025-07-06 17:37:04', '2025-07-06 17:37:04'),
(10100003131, 'حي البطيحا', 'Al Butaiha Dist.', 3, '2025-07-06 17:37:04', '2025-07-06 17:37:04'),
(10100003132, 'حي الزهراء', 'Al Zahra Dist.', 3, '2025-07-06 17:37:04', '2025-07-06 17:37:04'),
(10100003133, 'حي الفيحاء', 'Al Fayha Dist.', 3, '2025-07-06 17:37:04', '2025-07-06 17:37:04'),
(10100003134, 'حي المؤتمرات', 'Al Mutamarat Dist.', 3, '2025-07-06 17:37:04', '2025-07-06 17:37:04'),
(10100003135, 'حي الوسيطاء', 'Al Wusayta Dist.', 3, '2025-07-06 17:37:04', '2025-07-06 17:37:04'),
(10100003136, 'حي الجنادرية', 'Al Janadriyah Dist.', 3, '2025-07-06 17:37:04', '2025-07-06 17:37:04'),
(10100003137, 'حي اشبيلية', 'Ishbiliyah Dist.', 3, '2025-07-06 17:37:04', '2025-07-06 17:37:04'),
(10100003138, 'حي المعيزلة', 'Al Maizalah Dist.', 3, '2025-07-06 17:37:04', '2025-07-06 17:37:04'),
(10100003139, 'حي اليرموك', 'Al Yarmuk Dist.', 3, '2025-07-06 17:37:04', '2025-07-06 17:37:04'),
(10100003140, 'حي المونسية', 'Al Munisiyah Dist.', 3, '2025-07-06 17:37:04', '2025-07-06 17:37:04'),
(10100003141, 'حي الخزامى', 'Al Khuzama Dist.', 3, '2025-07-06 17:37:04', '2025-07-06 17:37:04'),
(10100003142, 'عرقة', 'Irqah', 3, '2025-07-06 17:37:04', '2025-07-06 17:37:04'),
(10100003143, 'حي ظهرة لبن', 'Dhahrat Laban Dist.', 3, '2025-07-06 17:37:04', '2025-07-06 17:37:04'),
(10100003144, 'حي حطين', 'Hitteen Dist.', 3, '2025-07-06 17:37:04', '2025-07-06 17:37:04'),
(10100003145, 'حي الملقا', 'Al Malqa Dist.', 3, '2025-07-06 17:37:04', '2025-07-06 17:37:04'),
(10100003146, 'حي القيروان', 'Al Qairawan Dist.', 3, '2025-07-06 17:37:04', '2025-07-06 17:37:04'),
(10100003147, 'حي الياسمين', 'Al Yasmeen Dist.', 3, '2025-07-06 17:37:04', '2025-07-06 17:37:04'),
(10100003148, 'حي العارض', 'Al Arid Dist.', 3, '2025-07-06 17:37:04', '2025-07-06 17:37:04'),
(10100003149, 'مطار الملك خالد', 'King Khalid International Airport', 3, '2025-07-06 17:37:04', '2025-07-06 17:37:04'),
(10100003150, 'حي النرجس', 'Al Narjis Dist.', 3, '2025-07-06 17:37:04', '2025-07-06 17:37:04'),
(10100003151, 'جامعة الامام محمد بن سعود الاسلامية', 'Imam Muhammed Bin Saud Islamic University', 3, '2025-07-06 17:37:04', '2025-07-06 17:37:04'),
(10100003152, 'حي بنبان', 'Banban Dist.', 3, '2025-07-06 17:37:04', '2025-07-06 17:37:04'),
(10100003153, 'حي الرمال', 'Al Rimal Dist.', 3, '2025-07-06 17:37:04', '2025-07-06 17:37:04'),
(10100003155, 'حي غرناطة', 'Ghirnatah Dist.', 3, '2025-07-06 17:37:04', '2025-07-06 17:37:04'),
(10100003156, 'حي الدحو', 'Al Dahou Dist.', 3, '2025-07-06 17:37:04', '2025-07-06 17:37:04'),
(10100003157, 'حي العماجية', 'Al Ammajiyah Dist.', 3, '2025-07-06 17:37:04', '2025-07-06 17:37:04'),
(10100003158, 'حي هيت', 'Hyt Dist.', 3, '2025-07-06 17:37:04', '2025-07-06 17:37:04'),
(10100003159, 'حي الحائر', 'Al Haer Dist.', 3, '2025-07-06 17:37:04', '2025-07-06 17:37:04'),
(10100003161, 'حي ام الشعال', 'Umm Al Shaal Dist.', 3, '2025-07-06 17:37:04', '2025-07-06 17:37:04'),
(10100003162, 'حي الغنامية', 'Al Ghannamiyah Dist.', 3, '2025-07-06 17:37:04', '2025-07-06 17:37:04'),
(10100003163, 'حي عريض', 'Oraid Dist.', 3, '2025-07-06 17:37:04', '2025-07-06 17:37:04'),
(10100003164, 'حي بدر', 'Badr Dist.', 3, '2025-07-06 17:37:04', '2025-07-06 17:37:04'),
(10100003165, 'حي المهدية', 'Al Mahdiyah Dist.', 3, '2025-07-06 17:37:04', '2025-07-06 17:37:04'),
(10100003166, 'جامعة الملك سعود', 'King Saud University', 3, '2025-07-06 17:37:04', '2025-07-06 17:37:04'),
(10100003167, 'حي النسيم الغربي', 'West Naseem Dist.', 3, '2025-07-06 17:37:04', '2025-07-06 17:37:04'),
(10100003168, 'حي المشاعل', 'Al Mishael Dist.', 3, '2025-07-06 17:37:04', '2025-07-06 17:37:04'),
(10100003169, 'حي الندوة', 'Al Nadwah Dist.', 3, '2025-07-06 17:37:04', '2025-07-06 17:37:04'),
(10100003172, 'حي وادي لبن', 'Wady Laban Dist.', 3, '2025-07-06 17:37:04', '2025-07-06 17:37:04'),
(10100003174, 'حي السدرة', 'Al Sidrah Dist.', 3, '2025-07-06 17:37:04', '2025-07-06 17:37:04'),
(10100003175, 'حي التضامن', 'Al Tadamon Dist.', 3, '2025-07-06 17:37:04', '2025-07-06 17:37:04'),
(10100003176, 'مدينة الملك عبدالله للطاقة', 'King Abdullah City For Energy', 3, '2025-07-06 17:37:04', '2025-07-06 17:37:04'),
(10100003178, 'حي الرحاب', 'Al Rihab Dist.', 3, '2025-07-06 17:37:04', '2025-07-06 17:37:04'),
(10100003179, 'حي المجد', 'Al Majd Dist.', 3, '2025-07-06 17:37:05', '2025-07-06 17:37:05'),
(10100003180, 'حي الدانة', 'Al Danah Dist.', 3, '2025-07-06 17:37:05', '2025-07-06 17:37:05'),
(10100003182, 'حي الرسالة', 'Al Risalah Dist.', 3, '2025-07-06 17:37:06', '2025-07-06 17:37:06'),
(10100003183, 'حي الخير', 'Al Khair Dist.', 3, '2025-07-06 17:37:06', '2025-07-06 17:37:06'),
(10100003184, 'حي الفرسان', 'Al Fursan Dist.', 3, '2025-07-06 17:37:06', '2025-07-06 17:37:06'),
(10100003185, 'حي الشعلة', 'Al Sholah Dist.', 3, '2025-07-06 17:37:06', '2025-07-06 17:37:06'),
(10100003186, 'حي الراية', 'Al Rayah Dist.', 3, '2025-07-06 17:37:06', '2025-07-06 17:37:06'),
(10100003187, 'حي الزهور', 'Al Zahour Dist.', 3, '2025-07-06 17:37:06', '2025-07-06 17:37:06'),
(10100003188, 'حي الزاهر', 'Al Zaher Dist.', 3, '2025-07-06 17:37:06', '2025-07-06 17:37:06'),
(10100003189, 'حي المرجان', 'Al Marjan Dist.', 3, '2025-07-06 17:37:06', '2025-07-06 17:37:06'),
(10100003190, 'حي البيان', 'Al Bayan Dist.', 3, '2025-07-06 17:37:06', '2025-07-06 17:37:06'),
(10100003191, 'حي العلا', 'Al Ula Dist.', 3, '2025-07-06 17:37:06', '2025-07-06 17:37:06'),
(10100003192, 'حي المشرق', 'Al Mashriq Dist.', 3, '2025-07-06 17:37:06', '2025-07-06 17:37:06'),
(10100003193, 'حي النخبة', 'Al Nakhbah Dist.', 3, '2025-07-06 17:37:06', '2025-07-06 17:37:06'),
(10100003194, 'حي السحاب', 'Al Sahab Dist.', 3, '2025-07-06 17:37:06', '2025-07-06 17:37:06'),
(10100003195, 'حي الوسام', 'Al Wasam Dist.', 3, '2025-07-06 17:37:06', '2025-07-06 17:37:06'),
(10700001001, 'حي الإسكان', 'Al Iskan Dist.', 1, '2025-07-06 17:37:01', '2025-07-06 17:37:01'),
(10700001002, 'حي العين', 'Al Ain Dist.', 1, '2025-07-06 17:37:01', '2025-07-06 17:37:01'),
(10700001003, 'حي الشفا', 'Al Shifa Dist.', 1, '2025-07-06 17:37:01', '2025-07-06 17:37:01'),
(10700001004, 'حي الصفا', 'Al Safa Dist.', 1, '2025-07-06 17:37:01', '2025-07-06 17:37:01'),
(10700001005, 'حي الاخضر', 'Al Akhdar Dist.', 1, '2025-07-06 17:37:01', '2025-07-06 17:37:01'),
(10700001006, 'حي البوادي', 'Al Bawadi Dist.', 1, '2025-07-06 17:37:01', '2025-07-06 17:37:01'),
(10700001007, 'حي اليرموك', 'Al Yarmuk Dist.', 1, '2025-07-06 17:37:01', '2025-07-06 17:37:01'),
(10700001008, 'الأحياء الجنوبية', 'Southern Districts', 1, '2025-07-06 17:37:01', '2025-07-06 17:37:01'),
(10700001009, 'حي النظيم', 'Al Nadheem Dist.', 1, '2025-07-06 17:37:01', '2025-07-06 17:37:01'),
(10700001010, 'حي غرب الخالدية', 'Khalidiyah West Dist.', 1, '2025-07-06 17:37:01', '2025-07-06 17:37:01'),
(10700001011, 'حي البساتين', 'Al Basatin Dist.', 1, '2025-07-06 17:37:01', '2025-07-06 17:37:01'),
(10700001012, 'حي الحمراء', 'Al Hamra Dist.', 1, '2025-07-06 17:37:01', '2025-07-06 17:37:01'),
(10700001013, 'البلدة القديمة', 'Down Town', 1, '2025-07-06 17:37:01', '2025-07-06 17:37:01'),
(10700001014, 'حي السعادة', 'Al Saadah Dist.', 1, '2025-07-06 17:37:01', '2025-07-06 17:37:01'),
(10700001015, 'حي سلطانة', 'Sultanah Dist.', 1, '2025-07-06 17:37:01', '2025-07-06 17:37:01'),
(10700001016, 'حي الفيصلية الجنوبية', 'Faisaliyah South Dist.', 1, '2025-07-06 17:37:01', '2025-07-06 17:37:01'),
(10700001017, 'حي الفيصلية الشمالية', 'Faisaliyah North Dist.', 1, '2025-07-06 17:37:01', '2025-07-06 17:37:01'),
(10700001018, 'حي النهضة', 'Al Nahdah Dist.', 1, '2025-07-06 17:37:01', '2025-07-06 17:37:01'),
(10700001019, 'حي الروضة', 'Al Rawdah Dist.', 1, '2025-07-06 17:37:01', '2025-07-06 17:37:01'),
(10700001020, 'حي المصيف الاول', 'Al Masif 1 Dist.', 1, '2025-07-06 17:37:01', '2025-07-06 17:37:01'),
(10700001021, 'حي المروج الثاني', 'Al Muruj 2 Dist.', 1, '2025-07-06 17:37:01', '2025-07-06 17:37:01'),
(10700001022, 'حي الريان', 'Al Rayan Dist.', 1, '2025-07-06 17:37:01', '2025-07-06 17:37:01'),
(10700001023, 'حي الورود', 'Al Wurud Dist.', 1, '2025-07-06 17:37:01', '2025-07-06 17:37:01'),
(10700001024, 'مخطط الراجحي', 'Al Rajhi Subdivision Plan', 1, '2025-07-06 17:37:01', '2025-07-06 17:37:01'),
(10700001025, 'المدينة الجامعية', 'University City', 1, '2025-07-06 17:37:01', '2025-07-06 17:37:01'),
(10700001026, 'حي الفلاح', 'Al Falah Dist.', 1, '2025-07-06 17:37:01', '2025-07-06 17:37:01'),
(10700001027, 'حي الزهراء', 'Al Zahra Dist.', 1, '2025-07-06 17:37:01', '2025-07-06 17:37:01'),
(10700001028, 'حي رايس', 'Rise Dist.', 1, '2025-07-06 17:37:01', '2025-07-06 17:37:01'),
(10700001029, 'الدوائر الحكومية و', 'Government Departments Area F', 1, '2025-07-06 17:37:01', '2025-07-06 17:37:01'),
(10700001030, 'الدوائر الحكومية ب', 'Government Departments Area B', 1, '2025-07-06 17:37:01', '2025-07-06 17:37:01'),
(10700001031, 'الدوائر الحكومية د', 'Government Departments Area D', 1, '2025-07-06 17:37:01', '2025-07-06 17:37:01'),
(10700001032, 'الدوائر الحكومية أ', 'Government Departments Area A', 1, '2025-07-06 17:37:01', '2025-07-06 17:37:01'),
(10700001033, 'حي الجامعة', 'Al Jamiah Dist.', 1, '2025-07-06 17:37:01', '2025-07-06 17:37:01'),
(10700001034, 'الدوائر الحكومية ج', 'Government Departments Area C', 1, '2025-07-06 17:37:01', '2025-07-06 17:37:01'),
(10700001035, 'الدوائر الحكومية هـ', 'Government Departments Area E', 1, '2025-07-06 17:37:01', '2025-07-06 17:37:01'),
(10700001036, 'منطقة خاصة', 'Private Area', 1, '2025-07-06 17:37:01', '2025-07-06 17:37:01'),
(10700001037, 'حي الدفاع', 'Al Difa Dist.', 1, '2025-07-06 17:37:01', '2025-07-06 17:37:01'),
(10700001038, 'منطقة الخدمات أ', 'Services Area A', 1, '2025-07-06 17:37:01', '2025-07-06 17:37:01'),
(10700001039, 'منطقة الخدمات ب', 'Services Area B', 1, '2025-07-06 17:37:01', '2025-07-06 17:37:01'),
(10700001040, 'المدينة الصناعية', 'Industrial City', 1, '2025-07-06 17:37:01', '2025-07-06 17:37:01'),
(10700001041, 'حي الندى', 'Al Nada Dist.', 1, '2025-07-06 17:37:01', '2025-07-06 17:37:01'),
(10700001042, 'حي الهجن', 'Al Hejin Dist.', 1, '2025-07-06 17:37:01', '2025-07-06 17:37:01'),
(10700001043, 'مطــار الامير سلطان بن عبدالعزيز الدولي', 'Prince Sultan Bin Abdulaziz International Airport', 1, '2025-07-06 17:37:01', '2025-07-06 17:37:01'),
(10700001044, 'حي القادسية الثاني', 'Al Qadisiyah 2 Dist.', 1, '2025-07-06 17:37:01', '2025-07-06 17:37:01'),
(10700001045, 'حى طيبة', 'Taibah Dist.', 1, '2025-07-06 17:37:01', '2025-07-06 17:37:01'),
(10700001046, 'المنطقة الصناعية', 'Industrial Area', 1, '2025-07-06 17:37:01', '2025-07-06 17:37:01'),
(10700001047, 'حي القدس', 'Al Quds Dist.', 1, '2025-07-06 17:37:01', '2025-07-06 17:37:01'),
(10700001048, 'حي التعاون', 'Al Taawun Dist.', 1, '2025-07-06 17:37:01', '2025-07-06 17:37:01'),
(10700001049, 'حي القادسية الاول', 'Al Qadisiyah 1 Dist.', 1, '2025-07-06 17:37:01', '2025-07-06 17:37:01'),
(10700001050, 'حي غرناطة', 'Ghirnatah Dist.', 1, '2025-07-06 17:37:01', '2025-07-06 17:37:01'),
(10700001051, 'حي النخيل', 'Al Nakheel Dist.', 1, '2025-07-06 17:37:01', '2025-07-06 17:37:01'),
(10700001052, 'الاستاد الرياضي', 'Sports Stadium', 1, '2025-07-06 17:37:01', '2025-07-06 17:37:01'),
(10700001053, 'حي الياسمين', 'Al Yasmin Dist.', 1, '2025-07-06 17:37:01', '2025-07-06 17:37:01'),
(10700001054, 'حي السليمانية', 'Al Sulimaniyah Dist.', 1, '2025-07-06 17:37:01', '2025-07-06 17:37:01'),
(10700001055, 'حي الاشرافية', 'Al Ishrafiyah Dist.', 1, '2025-07-06 17:37:02', '2025-07-06 17:37:02'),
(10700001056, 'حي السلام', 'Al Salam Dist.', 1, '2025-07-06 17:37:02', '2025-07-06 17:37:02'),
(10700001057, 'حي قرطبة', 'Qurtubah Dist.', 1, '2025-07-06 17:37:02', '2025-07-06 17:37:02'),
(10700001058, 'حي المروج الثالث', 'Al Muruj 3 Dist.', 1, '2025-07-06 17:37:02', '2025-07-06 17:37:02'),
(10700001059, 'حي المروج الاول', 'Al Muruj 1 Dist.', 1, '2025-07-06 17:37:02', '2025-07-06 17:37:02'),
(10700001060, 'حي الربوة', 'Al Rabwah  Dist.', 1, '2025-07-06 17:37:02', '2025-07-06 17:37:02'),
(10700001061, 'حي المهرجان أ', 'Al Mahrajan A Dist.', 1, '2025-07-06 17:37:02', '2025-07-06 17:37:02'),
(10700001062, 'حي المهرجان ب', 'Al Mahrajan B Dist.', 1, '2025-07-06 17:37:02', '2025-07-06 17:37:02'),
(10700001063, 'حي الصالحية', 'As Salhiyah Dist.', 1, '2025-07-06 17:37:02', '2025-07-06 17:37:02'),
(10700001064, 'حي العزيزية القديمة', 'Al Aziziyah Al Qadimah Dist.', 1, '2025-07-06 17:37:02', '2025-07-06 17:37:02');

-- --------------------------------------------------------

--
-- Table structure for table `estate_products`
--

CREATE TABLE `estate_products` (
  `id` bigint(20) UNSIGNED NOT NULL,
  `name` varchar(255) NOT NULL,
  `created_at` timestamp NULL DEFAULT NULL,
  `updated_at` timestamp NULL DEFAULT NULL
) ENGINE=InnoDB DEFAULT CHARSET=utf8mb4 COLLATE=utf8mb4_unicode_ci;

-- --------------------------------------------------------

--
-- Table structure for table `estate_product_transactions`
--

CREATE TABLE `estate_product_transactions` (
  `id` bigint(20) UNSIGNED NOT NULL,
  `name` varchar(255) NOT NULL,
  `product_type_id` bigint(20) UNSIGNED NOT NULL,
  `created_at` timestamp NULL DEFAULT NULL,
  `updated_at` timestamp NULL DEFAULT NULL
) ENGINE=InnoDB DEFAULT CHARSET=utf8mb4 COLLATE=utf8mb4_unicode_ci;

-- --------------------------------------------------------

--
-- Table structure for table `estate_product_types`
--

CREATE TABLE `estate_product_types` (
  `id` bigint(20) UNSIGNED NOT NULL,
  `name` varchar(255) NOT NULL,
  `estate_product_id` bigint(20) UNSIGNED NOT NULL,
  `created_at` timestamp NULL DEFAULT NULL,
  `updated_at` timestamp NULL DEFAULT NULL
) ENGINE=InnoDB DEFAULT CHARSET=utf8mb4 COLLATE=utf8mb4_unicode_ci;

-- --------------------------------------------------------

--
-- Table structure for table `failed_jobs`
--

CREATE TABLE `failed_jobs` (
  `id` bigint(20) UNSIGNED NOT NULL,
  `uuid` varchar(255) NOT NULL,
  `connection` text NOT NULL,
  `queue` text NOT NULL,
  `payload` longtext NOT NULL,
  `exception` longtext NOT NULL,
  `failed_at` timestamp NOT NULL DEFAULT current_timestamp()
) ENGINE=InnoDB DEFAULT CHARSET=utf8mb4 COLLATE=utf8mb4_unicode_ci;

-- --------------------------------------------------------

--
-- Table structure for table `migrations`
--

CREATE TABLE `migrations` (
  `id` int(10) UNSIGNED NOT NULL,
  `migration` varchar(255) NOT NULL,
  `batch` int(11) NOT NULL
) ENGINE=InnoDB DEFAULT CHARSET=utf8mb4 COLLATE=utf8mb4_unicode_ci;

--
-- Dumping data for table `migrations`
--

INSERT INTO `migrations` (`id`, `migration`, `batch`) VALUES
(1, '2014_10_12_000000_create_users_table', 1),
(2, '2014_10_12_100000_create_password_reset_tokens_table', 1),
(3, '2019_08_19_000000_create_failed_jobs_table', 1),
(4, '2019_12_14_000001_create_personal_access_tokens_table', 1),
(5, '2024_11_23_161103_create_tenants_table', 1),
(6, '2025_01_04_101904_create_subscriptions_table', 1),
(7, '2025_01_04_103253_create_bills_table', 1),
(8, '2025_01_04_111005_create_tenant_stors_table', 1),
(9, '2025_03_19_160949_create_affiliate_admins_table', 1),
(10, '2025_03_19_172932_create_plan_requsts_table', 1),
(12, '2025_01_04_113201_create_stores_table', 2),
(14, '2025_07_06_163020_create_car_types_table', 3),
(15, '2025_07_06_184428_create_car_models_table', 4),
(18, '2025_07_06_202746_create_cities_table', 5),
(19, '2025_07_06_202820_create_districts_table', 5),
(20, '2025_07_07_134711_create_estate_products_table', 6),
(21, '2025_07_07_135107_create_estate_product_types_table', 6),
(22, '2025_07_07_135126_create_estate_product_transactions_table', 6),
(23, '2025_07_07_135832_create_translations_table', 7),
(24, '2025_07_07_140910_create_business_settings_table', 7);

-- --------------------------------------------------------

--
-- Table structure for table `password_reset_tokens`
--

CREATE TABLE `password_reset_tokens` (
  `email` varchar(255) NOT NULL,
  `token` varchar(255) NOT NULL,
  `created_at` timestamp NULL DEFAULT NULL
) ENGINE=InnoDB DEFAULT CHARSET=utf8mb4 COLLATE=utf8mb4_unicode_ci;

-- --------------------------------------------------------

--
-- Table structure for table `personal_access_tokens`
--

CREATE TABLE `personal_access_tokens` (
  `id` bigint(20) UNSIGNED NOT NULL,
  `tokenable_type` varchar(255) NOT NULL,
  `tokenable_id` bigint(20) UNSIGNED NOT NULL,
  `name` varchar(255) NOT NULL,
  `token` varchar(64) NOT NULL,
  `abilities` text DEFAULT NULL,
  `last_used_at` timestamp NULL DEFAULT NULL,
  `expires_at` timestamp NULL DEFAULT NULL,
  `created_at` timestamp NULL DEFAULT NULL,
  `updated_at` timestamp NULL DEFAULT NULL
) ENGINE=InnoDB DEFAULT CHARSET=utf8mb4 COLLATE=utf8mb4_unicode_ci;

-- --------------------------------------------------------

--
-- Table structure for table `plan_requsts`
--

CREATE TABLE `plan_requsts` (
  `id` bigint(20) UNSIGNED NOT NULL,
  `user_id` varchar(255) NOT NULL,
  `duration` varchar(255) NOT NULL DEFAULT '0',
  `price` double(8,2) NOT NULL DEFAULT 0.00,
  `plan_id` varchar(100) DEFAULT NULL,
  `active` varchar(100) NOT NULL DEFAULT '0',
  `created_at` timestamp NULL DEFAULT NULL,
  `updated_at` timestamp NULL DEFAULT NULL
) ENGINE=InnoDB DEFAULT CHARSET=utf8mb4 COLLATE=utf8mb4_unicode_ci;

-- --------------------------------------------------------

--
-- Table structure for table `stores`
--

CREATE TABLE `stores` (
  `id` bigint(20) UNSIGNED NOT NULL,
  `name` varchar(255) NOT NULL,
  `theme` varchar(255) NOT NULL,
  `tenant_id` tinyint(4) DEFAULT NULL,
  `status` varchar(255) NOT NULL DEFAULT 'active',
  `domains` varchar(500) DEFAULT NULL,
  `database_options` longtext CHARACTER SET utf8mb4 COLLATE utf8mb4_bin DEFAULT NULL CHECK (json_valid(`database_options`)),
  `created_at` timestamp NULL DEFAULT NULL,
  `updated_at` timestamp NULL DEFAULT NULL
) ENGINE=InnoDB DEFAULT CHARSET=utf8mb4 COLLATE=utf8mb4_unicode_ci;

--
-- Dumping data for table `stores`
--

INSERT INTO `stores` (`id`, `name`, `theme`, `tenant_id`, `status`, `domains`, `database_options`, `created_at`, `updated_at`) VALUES
(15, 'Eslam', 'theme1', 20, 'active', 'eslam_7028', '{\"dbname\":\"tall_15\"}', '2025-07-06 13:16:24', '2025-07-06 13:16:24');

-- --------------------------------------------------------

--
-- Table structure for table `subscriptions`
--

CREATE TABLE `subscriptions` (
  `id` bigint(20) UNSIGNED NOT NULL,
  `name` varchar(255) NOT NULL,
  `price` double(8,2) NOT NULL DEFAULT 0.00,
  `duration` varchar(100) DEFAULT NULL,
  `max_orders` int(11) NOT NULL DEFAULT 10,
  `description` text DEFAULT NULL,
  `created_at` timestamp NULL DEFAULT NULL,
  `updated_at` timestamp NULL DEFAULT NULL
) ENGINE=InnoDB DEFAULT CHARSET=utf8mb4 COLLATE=utf8mb4_unicode_ci;

-- --------------------------------------------------------

--
-- Table structure for table `tenants`
--

CREATE TABLE `tenants` (
  `id` bigint(20) UNSIGNED NOT NULL,
  `username` varchar(255) NOT NULL,
  `user_id` varchar(255) DEFAULT NULL,
  `nametxt` varchar(255) DEFAULT NULL,
  `domain` varchar(255) NOT NULL,
  `db` varchar(255) NOT NULL,
  `domains` varchar(255) DEFAULT NULL,
  `created_at` timestamp NULL DEFAULT NULL,
  `updated_at` timestamp NULL DEFAULT NULL
) ENGINE=InnoDB DEFAULT CHARSET=utf8mb4 COLLATE=utf8mb4_unicode_ci;

-- --------------------------------------------------------

--
-- Table structure for table `tenant_stors`
--

CREATE TABLE `tenant_stors` (
  `id` bigint(20) UNSIGNED NOT NULL,
  `tenant_id` varchar(255) NOT NULL,
  `name` varchar(255) DEFAULT NULL,
  `user_id` int(11) DEFAULT NULL,
  `subscription` varchar(255) DEFAULT NULL,
  `duration` varchar(255) DEFAULT NULL,
  `active` tinyint(1) NOT NULL DEFAULT 1,
  `created_at` timestamp NULL DEFAULT NULL,
  `updated_at` timestamp NULL DEFAULT NULL
) ENGINE=InnoDB DEFAULT CHARSET=utf8mb4 COLLATE=utf8mb4_unicode_ci;

-- --------------------------------------------------------

--
-- Table structure for table `translations`
--

CREATE TABLE `translations` (
  `id` bigint(20) UNSIGNED NOT NULL,
  `translationable_type` varchar(255) NOT NULL,
  `translationable_id` bigint(20) UNSIGNED NOT NULL,
  `locale` varchar(5) NOT NULL,
  `key` varchar(255) NOT NULL,
  `value` text NOT NULL,
  `created_at` timestamp NULL DEFAULT NULL,
  `updated_at` timestamp NULL DEFAULT NULL
) ENGINE=InnoDB DEFAULT CHARSET=utf8mb4 COLLATE=utf8mb4_unicode_ci;

-- --------------------------------------------------------

--
-- Table structure for table `users`
--

CREATE TABLE `users` (
  `id` bigint(20) UNSIGNED NOT NULL,
  `name` varchar(255) NOT NULL,
  `username` varchar(255) NOT NULL,
  `phone` varchar(255) NOT NULL,
  `email` varchar(255) NOT NULL,
  `subscription` varchar(255) NOT NULL DEFAULT '1',
  `duration` varchar(255) DEFAULT NULL,
  `type` varchar(255) NOT NULL DEFAULT '1',
  `email_verified_at` timestamp NULL DEFAULT NULL,
  `super` varchar(255) NOT NULL DEFAULT '0',
  `password` varchar(255) NOT NULL,
  `admin` varchar(255) NOT NULL DEFAULT '0',
  `affiliate` varchar(255) DEFAULT NULL,
  `remember_token` varchar(100) DEFAULT NULL,
  `created_at` timestamp NULL DEFAULT NULL,
  `updated_at` timestamp NULL DEFAULT NULL
) ENGINE=InnoDB DEFAULT CHARSET=utf8mb4 COLLATE=utf8mb4_unicode_ci;

--
-- Dumping data for table `users`
--

INSERT INTO `users` (`id`, `name`, `username`, `phone`, `email`, `subscription`, `duration`, `type`, `email_verified_at`, `super`, `password`, `admin`, `affiliate`, `remember_token`, `created_at`, `updated_at`) VALUES
(20, 'Eslam', 'admin2', '2532452455', 'eslam2@gmail.com', '1', NULL, '1', NULL, '0', '$2y$12$Ma5a1KONOtKclQMd3f/Wl.NZU6UeSAbhC62EHCQVNkDa6wkhdvz3.', '0', NULL, NULL, '2025-07-06 13:16:24', '2025-07-06 13:16:24');

--
-- Indexes for dumped tables
--

--
-- Indexes for table `affiliate_admins`
--
ALTER TABLE `affiliate_admins`
  ADD PRIMARY KEY (`id`);

--
-- Indexes for table `bills`
--
ALTER TABLE `bills`
  ADD PRIMARY KEY (`id`);

--
-- Indexes for table `business_settings`
--
ALTER TABLE `business_settings`
  ADD PRIMARY KEY (`id`);

--
-- Indexes for table `car_models`
--
ALTER TABLE `car_models`
  ADD PRIMARY KEY (`id`),
  ADD KEY `car_models_car_type_id_foreign` (`car_type_id`);

--
-- Indexes for table `car_types`
--
ALTER TABLE `car_types`
  ADD PRIMARY KEY (`id`);

--
-- Indexes for table `cities`
--
ALTER TABLE `cities`
  ADD PRIMARY KEY (`id`);

--
-- Indexes for table `districts`
--
ALTER TABLE `districts`
  ADD PRIMARY KEY (`id`),
  ADD KEY `districts_city_id_foreign` (`city_id`);

--
-- Indexes for table `estate_products`
--
ALTER TABLE `estate_products`
  ADD PRIMARY KEY (`id`);

--
-- Indexes for table `estate_product_transactions`
--
ALTER TABLE `estate_product_transactions`
  ADD PRIMARY KEY (`id`),
  ADD KEY `estate_product_transactions_product_type_id_foreign` (`product_type_id`);

--
-- Indexes for table `estate_product_types`
--
ALTER TABLE `estate_product_types`
  ADD PRIMARY KEY (`id`),
  ADD KEY `estate_product_types_estate_product_id_foreign` (`estate_product_id`);

--
-- Indexes for table `failed_jobs`
--
ALTER TABLE `failed_jobs`
  ADD PRIMARY KEY (`id`),
  ADD UNIQUE KEY `failed_jobs_uuid_unique` (`uuid`);

--
-- Indexes for table `migrations`
--
ALTER TABLE `migrations`
  ADD PRIMARY KEY (`id`);

--
-- Indexes for table `password_reset_tokens`
--
ALTER TABLE `password_reset_tokens`
  ADD PRIMARY KEY (`email`);

--
-- Indexes for table `personal_access_tokens`
--
ALTER TABLE `personal_access_tokens`
  ADD PRIMARY KEY (`id`),
  ADD UNIQUE KEY `personal_access_tokens_token_unique` (`token`),
  ADD KEY `personal_access_tokens_tokenable_type_tokenable_id_index` (`tokenable_type`,`tokenable_id`);

--
-- Indexes for table `plan_requsts`
--
ALTER TABLE `plan_requsts`
  ADD PRIMARY KEY (`id`);

--
-- Indexes for table `stores`
--
ALTER TABLE `stores`
  ADD PRIMARY KEY (`id`);

--
-- Indexes for table `subscriptions`
--
ALTER TABLE `subscriptions`
  ADD PRIMARY KEY (`id`);

--
-- Indexes for table `tenants`
--
ALTER TABLE `tenants`
  ADD PRIMARY KEY (`id`),
  ADD UNIQUE KEY `tenants_username_unique` (`username`),
  ADD UNIQUE KEY `tenants_domain_unique` (`domain`),
  ADD UNIQUE KEY `tenants_db_unique` (`db`);

--
-- Indexes for table `tenant_stors`
--
ALTER TABLE `tenant_stors`
  ADD PRIMARY KEY (`id`),
  ADD UNIQUE KEY `tenant_stors_tenant_id_unique` (`tenant_id`);

--
-- Indexes for table `translations`
--
ALTER TABLE `translations`
  ADD PRIMARY KEY (`id`),
  ADD KEY `translations_translationable_type_translationable_id_index` (`translationable_type`,`translationable_id`),
  ADD KEY `translations_locale_key_index` (`locale`,`key`);

--
-- Indexes for table `users`
--
ALTER TABLE `users`
  ADD PRIMARY KEY (`id`),
  ADD UNIQUE KEY `users_email_unique` (`email`);

--
-- AUTO_INCREMENT for dumped tables
--

--
-- AUTO_INCREMENT for table `affiliate_admins`
--
ALTER TABLE `affiliate_admins`
  MODIFY `id` bigint(20) UNSIGNED NOT NULL AUTO_INCREMENT, AUTO_INCREMENT=6;

--
-- AUTO_INCREMENT for table `bills`
--
ALTER TABLE `bills`
  MODIFY `id` bigint(20) UNSIGNED NOT NULL AUTO_INCREMENT;

--
-- AUTO_INCREMENT for table `business_settings`
--
ALTER TABLE `business_settings`
  MODIFY `id` bigint(20) UNSIGNED NOT NULL AUTO_INCREMENT, AUTO_INCREMENT=2;

--
-- AUTO_INCREMENT for table `car_models`
--
ALTER TABLE `car_models`
  MODIFY `id` bigint(20) UNSIGNED NOT NULL AUTO_INCREMENT, AUTO_INCREMENT=512;

--
-- AUTO_INCREMENT for table `car_types`
--
ALTER TABLE `car_types`
  MODIFY `id` bigint(20) UNSIGNED NOT NULL AUTO_INCREMENT, AUTO_INCREMENT=172;

--
-- AUTO_INCREMENT for table `cities`
--
ALTER TABLE `cities`
  MODIFY `id` bigint(20) UNSIGNED NOT NULL AUTO_INCREMENT, AUTO_INCREMENT=23696;

--
-- AUTO_INCREMENT for table `districts`
--
ALTER TABLE `districts`
  MODIFY `id` bigint(20) UNSIGNED NOT NULL AUTO_INCREMENT, AUTO_INCREMENT=10700001065;

--
-- AUTO_INCREMENT for table `estate_products`
--
ALTER TABLE `estate_products`
  MODIFY `id` bigint(20) UNSIGNED NOT NULL AUTO_INCREMENT;

--
-- AUTO_INCREMENT for table `estate_product_transactions`
--
ALTER TABLE `estate_product_transactions`
  MODIFY `id` bigint(20) UNSIGNED NOT NULL AUTO_INCREMENT;

--
-- AUTO_INCREMENT for table `estate_product_types`
--
ALTER TABLE `estate_product_types`
  MODIFY `id` bigint(20) UNSIGNED NOT NULL AUTO_INCREMENT;

--
-- AUTO_INCREMENT for table `failed_jobs`
--
ALTER TABLE `failed_jobs`
  MODIFY `id` bigint(20) UNSIGNED NOT NULL AUTO_INCREMENT;

--
-- AUTO_INCREMENT for table `migrations`
--
ALTER TABLE `migrations`
  MODIFY `id` int(10) UNSIGNED NOT NULL AUTO_INCREMENT, AUTO_INCREMENT=25;

--
-- AUTO_INCREMENT for table `personal_access_tokens`
--
ALTER TABLE `personal_access_tokens`
  MODIFY `id` bigint(20) UNSIGNED NOT NULL AUTO_INCREMENT;

--
-- AUTO_INCREMENT for table `plan_requsts`
--
ALTER TABLE `plan_requsts`
  MODIFY `id` bigint(20) UNSIGNED NOT NULL AUTO_INCREMENT;

--
-- AUTO_INCREMENT for table `stores`
--
ALTER TABLE `stores`
  MODIFY `id` bigint(20) UNSIGNED NOT NULL AUTO_INCREMENT, AUTO_INCREMENT=16;

--
-- AUTO_INCREMENT for table `subscriptions`
--
ALTER TABLE `subscriptions`
  MODIFY `id` bigint(20) UNSIGNED NOT NULL AUTO_INCREMENT;

--
-- AUTO_INCREMENT for table `tenants`
--
ALTER TABLE `tenants`
  MODIFY `id` bigint(20) UNSIGNED NOT NULL AUTO_INCREMENT, AUTO_INCREMENT=6;

--
-- AUTO_INCREMENT for table `tenant_stors`
--
ALTER TABLE `tenant_stors`
  MODIFY `id` bigint(20) UNSIGNED NOT NULL AUTO_INCREMENT, AUTO_INCREMENT=6;

--
-- AUTO_INCREMENT for table `translations`
--
ALTER TABLE `translations`
  MODIFY `id` bigint(20) UNSIGNED NOT NULL AUTO_INCREMENT;

--
-- AUTO_INCREMENT for table `users`
--
ALTER TABLE `users`
  MODIFY `id` bigint(20) UNSIGNED NOT NULL AUTO_INCREMENT, AUTO_INCREMENT=21;

--
-- Constraints for dumped tables
--

--
-- Constraints for table `car_models`
--
ALTER TABLE `car_models`
  ADD CONSTRAINT `car_models_car_type_id_foreign` FOREIGN KEY (`car_type_id`) REFERENCES `car_types` (`id`) ON DELETE CASCADE;

--
-- Constraints for table `districts`
--
ALTER TABLE `districts`
  ADD CONSTRAINT `districts_city_id_foreign` FOREIGN KEY (`city_id`) REFERENCES `cities` (`id`) ON DELETE CASCADE;

--
-- Constraints for table `estate_product_transactions`
--
ALTER TABLE `estate_product_transactions`
  ADD CONSTRAINT `estate_product_transactions_product_type_id_foreign` FOREIGN KEY (`product_type_id`) REFERENCES `estate_product_types` (`id`) ON DELETE CASCADE;

--
-- Constraints for table `estate_product_types`
--
ALTER TABLE `estate_product_types`
  ADD CONSTRAINT `estate_product_types_estate_product_id_foreign` FOREIGN KEY (`estate_product_id`) REFERENCES `estate_products` (`id`) ON DELETE CASCADE;
COMMIT;

/*!40101 SET CHARACTER_SET_CLIENT=@OLD_CHARACTER_SET_CLIENT */;
/*!40101 SET CHARACTER_SET_RESULTS=@OLD_CHARACTER_SET_RESULTS */;
/*!40101 SET COLLATION_CONNECTION=@OLD_COLLATION_CONNECTION */;
